URL,Text
https://blogger.googleusercontent.com/img/b/R29vZ2xl/AVvXsEg0-1WpZ_rVhfrx5p5fTyxvF7gqsu6imsSmY2Ke6EISVFGWJbyjUv7n9x4eEN6p-lEqV3QfOsI4HQKtp_H4FGH7z-MG0YkPm7Z63yd_hWEdWjpWZ5sx2bumamwXbZOlJKDBXMfVUKbU9V1fQbIggJp7WJ-iK5NyYqIZowstg2Lkj28xVl0y5bOQiaMm/s597/195.webp,
https://blogger.googleusercontent.com/img/b/R29vZ2xl/AVvXsEg2cN8EyulKmomLuZuCkqzQi1wNkJrL30BUjYZOsuopNFd2bQpSAD0UkUpOBockWlZJa3-gXKbqODJXIO2JzPTmzSA6j_5GIxqy5V3Io4YQV-IO-0ncnavjIQGGxQ0_mvTKfzpejXcmhPLu42Ay2B6yNRofBuolyqv7VX2icupVK1o6LKxYxugM76Hm/s404/156.webp,
https://blogger.googleusercontent.com/img/b/R29vZ2xl/AVvXsEg2WQvVF7xeFTv-fyQByoVTXuVRFmDi3SCHHfeJ67gNFHU28XpROZoz1ay5q41jD8Gryswzr0UXC8ztoqMqmgKcpTx90uJLYPRCEPn7cEz9NP0d2no9QbWk-MCd4T457T26FbrZjf61Gm4n5-RNZ96jGKF0Y78kdZdeLdtFwdH5avISumS8Qq2De_Vn/s480/135.webp,
https://blogger.googleusercontent.com/img/b/R29vZ2xl/AVvXsEg4cdv1hCUypRkpGPuLCrPocjVOLgUVpzwIo_h_7fttmHah81eceMe0carRZ7NgUyXjQ6veI1fE3MI6V2ZJ9tFugqQKFlcYvoe9LL8H4XZa_VJWfctpndeavuhY2riA8UwoTIBLtfmfxh9PCmvgTfwBZrViddSIrRs4TGcX4H-Csp5u6h0hokt0puDd/s400/147.webp,
https://blogger.googleusercontent.com/img/b/R29vZ2xl/AVvXsEg6aG-8r-Nv0Sdg3kb_xV9IlSGJKvdlEidDj6gTvLGJT7fdRL0HuAut1jcvGKvC9V_OITCY_fe5jHgULaxzicvoSg54FePB8cbUeI4GxsOQeaSjKghHKMMAKDcDmjzSQ5aMaFuAP8x-bkzrzNCvsoFf4f4GIxu6jOiKba1SWd4x2YogXdB-Tnh1RX0k/s565/101.webp,
https://blogger.googleusercontent.com/img/b/R29vZ2xl/AVvXsEg6S2vK86eQHfC3_hGuDUGzgyXXl7J6UwpvBfgkXvf1dxH4LDkzzAvepTC1p40TjVOKEXhmm_iI29pTcDo7plptsKg12zVAHdyY-z7CWoz12nP-UHluCJ7pNd1t3jbZ6Gj8wk16yGZc1xhiJXolXBOCXoP0Gr5ndANmgfOBbeq28DESGZgWvp_f3qgV/s300/7.webp,
https://blogger.googleusercontent.com/img/b/R29vZ2xl/AVvXsEg6z2lepffJBCQhmA7FtvnVGCqv33r_T52QwIdbQ5Evbns3dstGpn_dcfz7Ab6-gzZh_BxMJBzMh7Lgh_ADiaFIksPXn131WKddsx1cIEH1hMwgGcec8chnj6bKgFy7hEHHssu-ymz4ZqB4_7R8lyLCUPTsdY2Wr22mnM4zO7sK8NskFOAj_voSIC5U/s450/19.webp,
https://blogger.googleusercontent.com/img/b/R29vZ2xl/AVvXsEg6ZCuhXHu9lc3h4WgTRP2xgT42u1RG52Gs8CHynse8udQa3PXM_YtrEujEljZj91OXW-Koatws4HMfCzq6P3bmaCyTsi_p8fHr7I_ftmIUFA7AMUaOGsyHoGjPVYRZsbGSAYoA3Cw3R6-KiY4_JkHeNzhQVWeYAPh_049uyi9pqD8UNFLy9wwRHNtj/s510/49.webp,
https://blogger.googleusercontent.com/img/b/R29vZ2xl/AVvXsEg7L0ERVbz7lcqzx8ZPfUejt-OIGYx-_XjuI2xZ4wc_JX4ai_fm2dL2VSxr51j6P6N4ImrmpJp33RwVPKucnTlKocRKDKwS4hkI_xpoT4W2SZoJU7nr5_bz0w1sR8q6YWN10RSFEXKycuxD9YRs8bccdP5dkezz-Qf-ScxBvO8IvqkZ3t_mK0hM8Y3z/s758/150.webp,
https://blogger.googleusercontent.com/img/b/R29vZ2xl/AVvXsEg9xm8feT2uS1n78GNBD0D9_DvztLF1NWHXUIWpu1tfzl-ytCxMew3y-7k-0w12KwkYWiNWzhzij7TLhCBrjEfgXt_H5g_rs4Zp0uIpsgmYai3J89gq0KsLGNNrA1q9Rimc5ZWuR6IozbH1Vj_VFKUBQIkTLkOPaHWJXf2l2eZB8Sr_yIvs8X_seBvI/s419/35.webp,
https://blogger.googleusercontent.com/img/b/R29vZ2xl/AVvXsEgAnkJsYLAQL3PkUGebTAsQMA8nm2Q2yR3jg34zf4U9vRLniUOqNp1w7yGjcT62-pDsm0gd2t7DbDcY7FCq2J0bqZbI13N-ABNqtmGbVUhyOVCDQyY6fxi31UqBXX8ftQnT-7hgO_wo_jdf0yW_-vdyM-GsuONchLfm0opP_OM7FQmZTt82gHMutChg/s504/15.webp,
https://blogger.googleusercontent.com/img/b/R29vZ2xl/AVvXsEgc87XyMnW_p6wmaL9dNqib-baUzwZnJCmnLNuUc0hlp6wjbwJfaArj6VaICqJl0Q2P88k81sCp_fyuiGq3M9OLwBpsC4FWoJPqQk8tCdhmYBXYMwxr2Moaga9f0pyjjavHd-JhHqa2378j4SOCO0DztGtZqkkUjxProFfbs3-KLedWhlMYXqN7QYjq/s640/81.webp,
https://blogger.googleusercontent.com/img/b/R29vZ2xl/AVvXsEgC9qFiTiHgJNSdl33MpN3fIHpW0rXaV2bRMcNElwBQxNTNVIo9RmTR6QnXeDH_smKWwF8kxmBfA0kWeJZpGXsI999HLg5q9wb_TEqFnH5w6d-MNDNnA2J4adPDFlkIMzaaH_aSEDYCP7SDIeMOrP9ysY_PTCG1HkMElFuzJevUb6OlBJNfv6HaUIQ4/s500/188.webp,
https://blogger.googleusercontent.com/img/b/R29vZ2xl/AVvXsEgcuZDJGRuSj-zp_5torXBih4NkQyi-2JfWV--S6XCRFthFtvcIZ6xpxl1IBpRJtOyqFxlWatLZ3urkXekc8i0coygKJHJFd5FdunadHQX4ps0SWsCRY4htuZWGO6_4uEaub76Api7ZiztjW5LjMQmpgJCkxWJ9K-qtwRomMfpGU1JXSMIk5Dj8A209/s600/124.webp,
https://blogger.googleusercontent.com/img/b/R29vZ2xl/AVvXsEgD61G7ROwlUpcuo33eMTmYDkDr7KhZVF3VVjjHIRW0trCTVQlQ0viLEc1TnrQdqBEjDhGbsXVmVHMXBYjNsiuusvTggOexxl2kLXMAEZGgqlpB7s_vmqqyWdlAKUb--y2T2dpE5gTDwna6Y1bje6UkBy8vHaXIqSBZD24qc5S5oOSibsWfT5jEsH9i/s700/168.webp,
https://blogger.googleusercontent.com/img/b/R29vZ2xl/AVvXsEgDqlxhZu3G_GBVV5MTkpaududEYw-MxPn5zUwuRMXtK2UmnsjWtsywJK264nMl28XjCU05hoLI1WfObQOhVjbGZoWK4uAvJM2ow8LFB_tx65k5CacoMvS9EcchBaZKuHNecIXYDkiHW4tRBBQDZMujiyFClHjBOZf_ClA-79ashQRzUqEdgqpJZ_fw/s500/121.webp,
https://blogger.googleusercontent.com/img/b/R29vZ2xl/AVvXsEgdXxN4uPzABERjUxGyo2e_ZzD4OB0oazcfiPZCA6D7N45mF2wqD4cIo3YAu90rZWLwuOawNbBVD3AZz53vmEbz5mSVN1J3_mq8ta6HxfMnRvJRLqGax1Y_3heO3xhRd7rNZ_PpbvTcuMARD4ZyOmd_tYiSnohtd4eGoLw_ocb_fb8yYDxVqNXYN9it/s351/105.webp,
https://blogger.googleusercontent.com/img/b/R29vZ2xl/AVvXsEgFEFgMyQfIWJpACTWmzFQ_pz68UvtAQBpYXmwW83ysgpcSZg-fLqxEBItc9lR8roMat9rF7uIMRr5HnUQWXDbVIc4W-fo_4ml-sPqkgOclIjPoAJ_ozxMXYGtjYzeWhP73_pj9Rlkxki3Ue4ixwnE0PM8Zz9_56V8oZt1dex7PSc1lM-FjdyepSvQ_/s550/78.webp,
https://blogger.googleusercontent.com/img/b/R29vZ2xl/AVvXsEgG7zOl8veuP_6Ns7YcYiUBOyoAyJs9uwUvxHu2Ucg_5rgX5ZAqmtNeJl_CNouk4YKsqWe9c9w1qBd3iNi1Bq7DN61mqnaQisdgtFvQ2U9fzc4hf2zNAuAQxZHsLLOnCOZwsTNnqHUqMlDLoZB4pdG6lJomaLCsiqVNFcbP_jYktIi_ixxZQAbj2xbR/s1197/116.webp,
https://blogger.googleusercontent.com/img/b/R29vZ2xl/AVvXsEghUD3CM442uGhU0f9TMoAJ9NEEL49nahWULlyI1mBOXxg1nAP0vtp57CFB0wLDbN0i8InT1QTxharS5JnNWeUAE1UmJT5ghAEY9NM7kApSDdyFjpbkTzIKV0uxrvIiaTY2JU9_zDoesCOhiaR4nUvX7hj0VYhxcWKxCpIgqpvcJiP4ScPS1k8r4_GX/s810/61.webp,
https://blogger.googleusercontent.com/img/b/R29vZ2xl/AVvXsEgIJa7gWIY_aaSAOkfeOIcXnYl5olI-uk2T4ch7E8nTnh5omTe8Zj0AFFVuLpGrBpGIlerLZ53_lpz6UKvxm8Xk8_9Bs9qygAyIe00yG9iM5YTyjIR0uS2ujb15q4fPXsi3_R0QyeSlBTr6AvialfaWA6Cqrn0Zo06mutzxgZRpDTfKxikXJBomId7J/s295/14.webp,
https://blogger.googleusercontent.com/img/b/R29vZ2xl/AVvXsEgIvpvs8gdF2HrHY7lwxTfspp38P6byhDq1ERubV7FErJNnXLo_nghCzkMbkC4fClWF_eQwfelu6pv75v_JeoG6qcXtL_vjHGlJR2S1yHBoCYpCo3cg4LPJAuU0oS5vczuD6MUc9huzHxKtXa-dei8GKDO693T0KbzYf-TJyCRypfxth_AvDXXc4DH-/s500/83.webp,
https://blogger.googleusercontent.com/img/b/R29vZ2xl/AVvXsEgizanwzcYfwIG5549UsNP7qG8k44eJIkc_t4zPhBHkrD32FaGGOJHdLEzURGh_xPYQglWreVLANhFmlL0Xv3vgQMOHpJi08oEgpt7jlyxjEHJR0ya1sgjWTv0wd59ilLmXbFeOwwev5IQcEWFFZtEwbyh-luofJlSKlz0QoTAm6VrMxzzEiyR1JYD9/s402/129.webp,
https://blogger.googleusercontent.com/img/b/R29vZ2xl/AVvXsEgjfhvRsNI1j-7UogdZuZgKqLMAaPNtfxV6RXv4wFWmmUu1HquUvJMSn0-ABHCOIwFBJziHf4Jaz58ZKX-7-PMNwxsCKQMYS1XU_P4nSZndGwWhSxGrHY8u5VGJRXtELTIlB9AxNI0BcQawzPjvScq3Ie1v465ub7PjKv_k5juy5a-__uQPlKKimNd3/s736/194.webp,
https://blogger.googleusercontent.com/img/b/R29vZ2xl/AVvXsEgkB12rgBqVT5rCImImYpkTaTrwtXqlEEF6--dN3SXShx_zqN7iN5fqnltuc1hQ37A-jU73_UhnPgJBgeYbxdt1wkOXGxMhlHvLbpBKa_e43P1SavCfibrkXj3ficlHmjOOI1HNqiEU2S5TstOt2U9hctsccpi5prjsDx8j9cx1CMZihSIFsRz7DSM4/s560/23.webp,
https://blogger.googleusercontent.com/img/b/R29vZ2xl/AVvXsEgke_QSuxa0qT0N_PtPUhDLFJsXVEWMuqa2qTpY0KAfTLvd2gSiUvHPJLyUfc5iDTZY6bvgHbPgajNOPiWVHHbHBsC_j3Jf16lS31f_yxT0u2lljtZruKwCSpJYTjBDv69fXWDWRhYWMgegMJq5b990hRDMJJfNzH3b-zK6Bky_GEMXA-lJ-bTMjiSJ/s600/82.webp,
https://blogger.googleusercontent.com/img/b/R29vZ2xl/AVvXsEgkpkacnbLGryTU5az70nKJO1Vmyjw7YYiTJGc5ahcrclgqTK3drcYtGCsNHqeLrDuZJLsnAtoJNJfh6YahEO9fpXYlU4fdkfAQzNToisKrSF9iHLzWXatQSi6K-RLXKZ7e6JCBj6zBC0NYIdvq2v5EUHHJQ9aAppWz7u--1-v6ACXFb9h8it3VC-Ek/s398/4.webp,
https://blogger.googleusercontent.com/img/b/R29vZ2xl/AVvXsEglS1gTDx0VeEjGp8LtnOmGGFsYb8drvSackTcGFueuF-M-JCGQOywApOOcjeNzXOg9Gq70z-wWNMVrRkOgxLErXYeTxT0wy5SdiIUrW9ubgQ-Urgsq_vVW_4wb17BRT089K1qsVkb02-D_SZ23vVKImIXLyIfmPOANlipBcavQjuuvkl6Buv1JVhh_/s555/39.webp,
https://blogger.googleusercontent.com/img/b/R29vZ2xl/AVvXsEgm9r-k8ifWVALW831PHDirDG1f4ybGCj-uGEZiYfUNOOkyXN-depV1GjVAuv54AwvzMX7RY4oyz6EKLzFJBG6iafuCwRCRxL6mP3r2xK-rssrVACu6n_VlKrmHpCdD1vJdLYl8mGjIGOkJ6hS27nHu-Rf9JPwzgW49lEY4bnpu4vatbfgWLonwJAzg/s360/170.webp,
https://blogger.googleusercontent.com/img/b/R29vZ2xl/AVvXsEgMUhK5hBhWE-1JdFAWMTOq3SNGHX2WTScHYb3eEqe53aU-lthnkzUsKBwtrI0ONpvOZm8ncx4m9ol25mDHnilZAnIRsbFejgPrU5xtPVut08lXji_c29aNzMuiiFcbaaWzhPJ3_xGcMkGH0aBhQw9_3oupNTK61VUXZJ2WRZfNm0lqLy-P5iPkZK4S/s960/47.webp,
https://blogger.googleusercontent.com/img/b/R29vZ2xl/AVvXsEgo44PS6xF35i7pT6RBWh3aLTaWltJe8YUBehTffILN8_W0nZszFfo77sxuUBxdgh2LW7t91ZulfMfq2Pxxi20A08e0qmT3Kl2tghz2dokw3-idbzqZbdjmTGo3tNwZehNNlQ2DAZHjq_ogrWLZolJJs9INGM0E4acreMyr17PCgZpGVSqmy1g9vsQw/s1185/160.webp,
https://blogger.googleusercontent.com/img/b/R29vZ2xl/AVvXsEgOYuA5gS6C_YOvppCDlC6KqUWqa-lgHx3IfhoW2vdWRwizRJipz0b2129Q4jjioqIRBJ5pvKKwtTmfqqaB7tFpPUZ3BLikbYesWlXHKlplxsl0zV0ih-aJkexBwWvETPkfp7tCW9lZ_Nvp5vPcOzal1vBL-eSYpdlUgJE5kJMMjOkKiYQcXJFxur3S/s584/104.webp,
https://blogger.googleusercontent.com/img/b/R29vZ2xl/AVvXsEgp9lkLse7xzTceHNFYdFDUvcrHSNjOG-p2Gh2I3SkgwF8IjVPCa9tGpFZBdeK6Oh22XDxnDeZBgxiL6u8O1BxVsNPjaZB4QCRADbB6XA6ld4P1RUn9H6hO8CnOgG0iXnOhuFFUcalKwh6eEFO3cyc28OcAZqQLLVh5EPOqkZ3vMa1EqEBe5V6900Rr/s550/154.webp,
https://blogger.googleusercontent.com/img/b/R29vZ2xl/AVvXsEgpIcU2Ny12RjH530OZC0Pco7uEZUfZvVYVNin6ivOWWjLC-BjJwDirZzDKkeQsr2eEyex56188Hu_r1UOpkd2UavKMJb1xoItcuhnj0059LeyFJFB95ih6inhlCugo-z1qC9q7XrkxDsnCsBt3jH3zgAWNY58SUXl4amvXgpREBDsJZrUBDUQgdaCj/s600/24.webp,
https://blogger.googleusercontent.com/img/b/R29vZ2xl/AVvXsEgPWPXs2ESvvBG7pPsxyAngXTKG_7TUX9XvHfE1_bCfbCExxOxpFuBRdWFcD9N1EfIw-UYfaDcuOEuYR1do6HOwa4f49arK5R1f3xmeBytbNzhuesWKRLUb90Ao1LXkGWlyCfxOV7xtQq6A6GqmOnbn0_RSEyHLJmFx-WNeLh8ozN8XUvb72ETLKdxE/s300/189.webp,
https://blogger.googleusercontent.com/img/b/R29vZ2xl/AVvXsEgqBzisWhNhnG0o1tr-UN6aLAq2UytfaBzSuBZkOqXbpehRO0wEE7LYP8lFMEjExjN3UUX3dunYdnpL4LkccGHXjdXRYKWPg4RNBygMumVu8Ba1EtiSHtZmkP9ll8LM3VE3smB-BG62JvXYZzq8gC47OitZFfbxzgBY10UzABZUDiMwkR0P7kIDTvix/s403/6.webp,
https://blogger.googleusercontent.com/img/b/R29vZ2xl/AVvXsEgQmxsMpnvVOC3NILJ9JhbqBaQYSTz34Uhd2hPo1k8U5WO_zqmxwJ7PlGcLHmKxZZZ6arYBKlaPlU-7hFgXh1PsFttrE_ybLaFvtNqJhUBo_KbulPkS-e_AWwqSFNskPYzFoL5e7Gsyy4bXmmfnBs_6MVAQs0hHEQPycSkNoNojeKCptanztaLhlTkR/s445/134.webp,
https://blogger.googleusercontent.com/img/b/R29vZ2xl/AVvXsEgQTtKKcYomhpBSz8azAKyTEUUgvFrXGCduT3eu3Qqvtps-EbcyqWzg2SUbk6HzqP3IPaBW1OuHi3jZoVvhqF-ug3UHaG9PCvdgA3U6hXPuj11gy9fCECgnYoSPrRAS9e5ds6sZwEX06cWH0Z_0_GFAeaxFwggRGKl6Qf4G-jAKsQmD3k2MPCQjs821/s568/118.webp,
https://blogger.googleusercontent.com/img/b/R29vZ2xl/AVvXsEgR4YtybzVx-y5We_uPpeRVbPxvLXT2q3dMxCoPAFCwAdTUCc480Jvh2fdAl6tu3X4niGf39Bf3v-p8A42_wOZUsnRDdBSnohFN2ni-g_KyLD3h3gxfszWadELEYwhB4gcejPnU5xF_9FGQboFr3LbROZgvyrkWK-Zt6QKoqM5F8Iq1IVh5c39Ez6Iy/s960/142.webp,
https://blogger.googleusercontent.com/img/b/R29vZ2xl/AVvXsEgR7PB9NVE7pugcX2YJrfmKnkLdLEpOmaV3nBraXJqoFxLU7foHn-xnadylFbZvunfKqz49Wa5t8DywV-oZ_px_LKo5MEcQVZeiD6O_2SRUVOxbUsqSLIIj7G6U2VT-oQ9z2xsdCb90KdwxGfYruOXa5_BH8cLhNU56fbd_OWjokUPGeM0rD2SF0tLM/s496/36.webp,
https://blogger.googleusercontent.com/img/b/R29vZ2xl/AVvXsEgrKFEPlrrUT6NG8MaKfSsu-XC6p4IfZtAfvsmFIq33nxXcfrq72CJCivEHkKGyCAhFaIWSuh1clu1S_UH5l3tjOVNxhGCp2A4wXBKynQG_bbQ24NF124-690ofiymHRYuoqzOWrBFv3enolYLs2LrtGLStrdWyiNclN95n3epXDsZ1NKIgLpnSx5Im/s294/33.webp,
https://blogger.googleusercontent.com/img/b/R29vZ2xl/AVvXsEgsEdDTNnd-TITTM_6L_IGAx3zO18i8B0TEre9nfS4A-jlF1pvIV87yAoFZWkulPSA8OTK5tVcnozIEobMPo9Xo-jNeuY4zhBxadujFWHDiAOAL5AJo8-igqoaoFg2RyPQPKSzidNyKWZeAtRhK8Uz_8O8Nz_23SylC7hxW7W3pIZiKwNMDKym5o5au/s444/63.webp,
https://blogger.googleusercontent.com/img/b/R29vZ2xl/AVvXsEgT49eWRCPTHjsm4D59vJTsan0iaMSwYU59PGvgN-yu63DKKSNtdako8vylXAZbH6mQvF17dEfXgPC67HZuO-ZiM6_3L7qsN36DorXLbMuUGIrDmTlUsd4DagKX4Wkia4rx8B76qfDLtAWSv-CjWKq8OmPc8wpvv1aH4ATzUVbLUm8zFHfYMpKbLrqp/s529/60.webp,
https://blogger.googleusercontent.com/img/b/R29vZ2xl/AVvXsEgTJ5NOIoQxdO-Qv9F0WhCBN_gJTy10ARVoNHmkq4teoSX804p34mWPdfDM3FmEzIilp9OXUb2Jwr9qwxVyPgw8Thi9mg24Fx78otcraXE6HBm5VVSoCj_BJua6jFxuXMTCXj3vd-OB5NnbbzQVjuA_p2tfPsIre3oeKlulVFH96LMYn1UZ411nsOZq/s407/137.webp,
https://blogger.googleusercontent.com/img/b/R29vZ2xl/AVvXsEgTnEsrIpqNLmrbdpUEuybcBNq-c4vbat7npW-z8EXAWbAlfdkjxUtFPrjqjzurR9ghE3eTsBZzZ8tLsgutKpaGVi2fsyz5h1SpyEHBgR60aryQK1hRGeQX7gvHuz7wYixB5MNfZ6157nrR-8U5GCCTL-7zsV1E_R5XhELe-yFNNmWrLfaVBLrM7fO8/s209/71.webp,
https://blogger.googleusercontent.com/img/b/R29vZ2xl/AVvXsEgToW5J-AVdfCb85jiCjXlMaBUtE4ZTJpIN1Stbu3ssuLPhdATKRZD1YVX9F4LuQ06d9UM2-gN2fzADGI_s5DctZoyh7bE5WX1mvk1L3qXO_HGobr_p5WGNetMIlOejvYF9vnCXvQVzuNNCcuJQUqq10emsdlmXZgz8VF9--2W9iXz4jeXSBzY5A2Yk/s500/1.webp,
https://blogger.googleusercontent.com/img/b/R29vZ2xl/AVvXsEgu89JLojEVug17OqteNrFNa3Nc7Uaha5gNIL6V3fYdT0eou9xmsCps276D8m9nC4Uk0rOlf_MxnBRR2A1nldOcTfUmPYY29He6i9Y5d36W6_5bfQMQsQlDkcmOKxDUBW-fn-xRPyH7Zy0Hcrw7QLB8qCuKc8YVAFWi2FfbV28kPYBmeoO_HYUWwxZZ/s407/91.webp,
https://blogger.googleusercontent.com/img/b/R29vZ2xl/AVvXsEgUAE16U95HGP2mJWYe3qeRfiFv_YWxigaz1TIZ2UqSjRZvdRqzp2z4ppSNm2WQy5r41gd7shvkFVUyKZmUX2yesp3Qw3nGPI6l1zhCbHKf5h4ioJlkeSEPc-pkAfOgtc5LJk2HQ9lFjBJUiszPT-6qLjJEr2JwRxC0OTzXe8lWdFbcQ1nJqq5DHt8q/s283/112.webp,
https://blogger.googleusercontent.com/img/b/R29vZ2xl/AVvXsEguxdeZl7XKfcOdKTwZs_ozzB5ZgJjxsBktWBejyPqkIVbWDUXCOyapyi6fxsGV6DVzsDzKNoj35KGXpgXdhRCwDu2mlVqaSDFU60_4MXepxcuoOc3gvWaAC1BDOxPd1RVEYYUa3KJ6atTB8yRJyUn6qZxReDiFgwRgHnydwodqz_Rx9cluFt4otAf_/s421/34.webp,
https://blogger.googleusercontent.com/img/b/R29vZ2xl/AVvXsEgVYiLLmaQztwLNsnVipiLCl4o7D1OwaBgIHgt6SCD5I1JxacC6F3JhlTCw5BKfvr3xYCUhC4UaNvHP31umlU33y7lDYNgnwU_yOlHr9Cxfl8epPVtTivIa--6HlUGcTLuc28TxGOgMubzRpUeZwjteDyJAjONsLYv9dUFYNRa_TpTdWU5YYNkT1YxL/s400/2.webp,
https://blogger.googleusercontent.com/img/b/R29vZ2xl/AVvXsEgwROIMU11GuwN-VMfo0aSasQpwFGt2AgLgHBlyndXcI_kC8Jh6uOS416xKfyO6V1SpoQ_U72plKBlbLXLFzFf0b7XzonAyilDmGriHnEjmpzrp5g4_CXTGe3x06cPCRht9ynvyarqR_wId1r-d7dceCqbAsnnfWyDWCgoKJr4-iZ1W7xH7FYTHfk9e/s319/141.webp,
https://blogger.googleusercontent.com/img/b/R29vZ2xl/AVvXsEgyjsZd78N5FrPZGV2bpFcN_X8ind5_d2xDXNjoav0zmu3TPaeUp9xlxr_-zpzj63Q05eyVeTOarrCfdcW4FKkcZPJRj_Zu77bOIJNuwB94hZM6tAXi_x961Md4DNn85R1th6LccjuIEgCk-x4YykLmi-XN3rERg1zWspmFIIQt-5d4AKDtD2c4WUf7/s400/64.webp,
https://blogger.googleusercontent.com/img/b/R29vZ2xl/AVvXsEgyoipMjr1LVT2OzgARMAhuwsfU-VIwJswEV80nBxjWxdVOJd9yPfDAUwTiAVrO700C07aoAOPQo6t2smwJmA1DDsvMv8amaCuQ5HzDlCPcB-08y2c4o4-ghyZb0p8S7R-N9PjCnKDsHX1LAndyYUg0wrkxbiAwIa2Be_OwdLxX35BaASZBnDb4jApv/s551/200.webp,
https://blogger.googleusercontent.com/img/b/R29vZ2xl/AVvXsEgyy7YwZpg5BcjRlvcInnGxES7FNNhO1SSlh6iG9whn3E-smq7VVxSHPgECE-xm2rGDF6wDDjxz7mNnIs06Yfqt1eOt_jMmHv3FDXmTLQp6S6cdgYCL2t9DxJfAJD7trFADSPyUqCOdGw7HPpMCdBtSbcxrl6QS_drLHKzh2wjIcka9ycVEBFRDGpYB/s504/183.webp,
https://blogger.googleusercontent.com/img/b/R29vZ2xl/AVvXsEgZY8JI3wQZ7-LjeeCQwRa01DJ7ISAMP5PMXNhXFuEH9kUis1fHfO2npKCbYCAZ7OBbmQuobgiT_C-yRn3EvOdsKYKCeiFIgIrK756yDiCoYOudHQlszaV0PERGB85rzy-1U0eHk2gqX3FHofU9a4svH7ESHmwlJcYcyufWVDy4GULZ74Behi3fla-u/s300/106.webp,
https://blogger.googleusercontent.com/img/b/R29vZ2xl/AVvXsEg_-wT8-eQHvRFwsU9YbdSpoMu5UxyxQHr5SqU34v6hkarT8dlY-WlNx_XQMyaD-ojsbdMFi86isQiAFLIyqs1dK8M_vhSMrtVhHsLul1mOaeyTs3Cf_fDowAd8wMLMRDu_Xnejg5nIrs1YDbh_7zGMF7Pics3KhH3cCVGjy21wE_sU8byp_N0c7_zg/s501/96.webp,
https://blogger.googleusercontent.com/img/b/R29vZ2xl/AVvXsEg_16PWBLK58BsH2SaA3tYZ3Jk-rUrGVA6TJ_lFiy5EL5pkK2L2vwbzqEp6c-Ni5a5M-WUj6W1C8T-Zp_s3GFmyoQYFHHoZBphpf0Ipacprt2RExK_MJZMSafF4DmvimA0ye31q4utxRu5yr84T1nqBgJMbg742qzzv9zOZk4HIF-ywu_qFSUawKevb/s248/153.webp,
https://blogger.googleusercontent.com/img/b/R29vZ2xl/AVvXsEg_pcqVZeuJBPEVn0CbkQ14_N_yEvA92wiBpPWBu9F6_pHP3zterMYlrcK4_VlE1kdr_1nC_Y7-PW7ImTFD7e_uGQdKs_80o5ueAK-fqFYy_u2ukrBHknee58EXMFNnh2HXgFygKUyo00HRJyd9Y1P3ekgp5t8dOa-8JTZriwu7XNUQ3MuJUfTmWIws/s699/148.webp,
https://blogger.googleusercontent.com/img/b/R29vZ2xl/AVvXsEg_RgoQzArXc20UPlCOcGyLaj4_VGlu5M8yiaddXkAHdIi82WBSddRemv4RkaIu3rFA62g093-jPymV3RcRpaxQvqcyDeLC3v5jOOvxvXIYv5sVTkv3nXdq1tI_F8BB87h-wyJ5ZlWLc3-vW5whHy4rtQZR46sKxF10hK37dWf9Ev-v63uGQHBqGipt/s260/164.webp,
https://blogger.googleusercontent.com/img/b/R29vZ2xl/AVvXsEg_WkR-EtEZ-zKzqePU7yshaL0gG1YVkCyEChaYWwjLygyGD3p_xPCfzjP1LSKFrnq3mkrOSjL1Me-WKWcgmyzJOmpE4Slq66mpthhHfWcxNvUX3Ilwbd6qbQe4ZNHhpCaVENRxMOCxmSjCxG56K0_fVRXHImKUFKbwW4VkifduV2uQGk3Hhtl7-031/s336/84.webp,
https://blogger.googleusercontent.com/img/b/R29vZ2xl/AVvXsEh0qiQE-9seumRcrgaytgHv3XF7oqToERrr0ymY60o8IKVUw5KE97dgoQA4T2qZg1HhbAdsrD0ZzvJNpPnl2R1s0BiranWtM20r0wgDAjW-QsJEMVKtR-71reYCAV3gsntS-YxmT5NtynGiHiMD-a-9ZoZetOkJDn8gtvgd5NlvWPwr5joyy9P6sHAY/s612/212.webp,
https://blogger.googleusercontent.com/img/b/R29vZ2xl/AVvXsEh0Urkvu6ousWFykXQyugmQQ1LYmPgtEoNjliZ2yeuSXfh4sb3JhrU6ToxqdhjENDererHFlqLLzHtVIU261V1RLciZ3a3Xn4Ar2xxB2IpgZMREirMOsc_YcXx7KjpGFxEWI8NDL20VTEAGaQX9MLlhcBWE_EazUr7S_c_8rEK4bhzcT78svup42Am2/s500/53.webp,
https://blogger.googleusercontent.com/img/b/R29vZ2xl/AVvXsEh2EgSOOaJxFNIttGvYbfwSQ6HKPb3E-z_Ifn0Oks6CweRWNHfAZ3wgXp-bhmIaT7Dc_2XYC57DtlVOPnSC2U4yLOdZen34n6518F4r2bBHUCvRJ68BU4EA4aEupH2Ec8bF1wyGvGrD-gOBCTOES0geiWhgp7zG4UcZre9Ua2zbdEu1965X-OEavdGf/s397/110.webp,
https://blogger.googleusercontent.com/img/b/R29vZ2xl/AVvXsEh40L2ENjLmrIc7gFfm7NwRISfcVGKE4iCvrSpOhm0knnlsLAaRZ2eIt13LgcyvK61s8MeGBYYxbY9kooMKYkHZdajUtBFgVMw4U2Ah6cjh-RBQJ6_4XGzUT3phC4mzGPtXWy8FKeHp-sBcPJZa_kzaXtw156UgQ1MPewX8MjtiYdaeQstjnGz2xC_o/s280/119.webp,
https://blogger.googleusercontent.com/img/b/R29vZ2xl/AVvXsEh47KUs64cIELGJRfUdxtykPWhFaZgNBTN4c4U-F-t8OUcqPwhPb4LWSR0z5CKsJeiuC3WDJvM-SfS5SRQDOkQuAjZjElkyS7BrjxA1AYONDOmDNdNlOec3kOvUY7K8qc9cna6dRXZrawknACyhE8z6RgPjM387h9WMrdkqsX8L1pYoHmJkhcfx-fIn/s620/151.webp,
https://blogger.googleusercontent.com/img/b/R29vZ2xl/AVvXsEh6xtPrFxoWpleYI-5E0VDPuE3dNvDFpbRbMrq88APpgPmlzrGz6Ga3bhG7YpIEgLp91JJcD2m1TWkqd7nXuPBGW_L9RFKj0opg3exm4t0LhskskETSkeFTzosuxgmRkowq6FoA6gC_Ft_4jp0R26w6nitKftoo4SUs9weqzwgyTaoXVGbfBgvwtu3g/s480/132.webp,
https://blogger.googleusercontent.com/img/b/R29vZ2xl/AVvXsEh8JDTcwiX6DIzfMO_NZrDcMP0JAL-iHgXuHKa08VWb6wn-NihIvrQIJi1Yyb1zerVwVNOlwr8wdpB6U3PNqdN8GurBp3D2Mg_thIY4ZFm4r2k2nxQDS55Vdwu58HHi_4HjWqkCTRe3cEK1tLvzF9Q18jTKpfwzxP260LmmeZOMB26QS94RtW6NT3_T/s478/190.webp,
https://blogger.googleusercontent.com/img/b/R29vZ2xl/AVvXsEhbb1t68I50LBb43265h2jd-xDoFX-VzlGPsI6iMv8H7iqdv-vn6YI2IuzRYRMAnN6uswv9XqUzyzxQOnB_M9putHJ-C-B9y0TXjPJFTc89Cx4yDXg7HX83KNpoWI6M5FpHlpLSqqkrRH96QmA9eiIBe8V6wFrVjg96Jm6fq7ZzAk6Te9GlR1v6ou6C/s660/18.webp,
https://blogger.googleusercontent.com/img/b/R29vZ2xl/AVvXsEhBB92OF6OH7xVqV3kqmbxPevkAKkUL7BVi3txQ0mgM-sVfR8BylIn_sSCyXLOq7dJbHwYft0_g0irWl42c-oD48A6YmvhYw54dfWgmLvZiNw85Mw-NXQpXjLjN764thTtR-b917HUy2kDQm6L8DniVp9Mc0F99YOPF4GtXZ05OoXKqMgF2q1efh_Xp/s329/95.webp,
https://blogger.googleusercontent.com/img/b/R29vZ2xl/AVvXsEhbLM6pvti7o-denZs3jvMt692nUZIPtpnFZaQUC6g08tLC3yY3mL-ENFp8ruITwwpNUvpP9gTmtB1G9NwvQ0rNQD2xDBg1u6L3sB3eaVYDBSn58-iBkFt1QssFGr-Kwiha8FhMy3cSHlpH49_wXRB8GlFSdOhlUf0mPKUw91uyn2Llujll_m1kTh3J/s369/69.webp,
https://blogger.googleusercontent.com/img/b/R29vZ2xl/AVvXsEhdv1qXbhjvrS20E4jErICSXyyiXLb4nxwNIG1zY4t2kdvlRZtR6Xdla2HttOW1yCs3P3T0Y2ZQuwIRhTYS61q32qF0yxOsTfPuyPn3xdpBRcM48bMYAn6JWS1o15g5wBHD0MGGdyNpebnK5rz1R2DLP-5wtsksw6qmn17R4YQlSMtO8YPxnlF0DfAH/s332/54.webp,
https://blogger.googleusercontent.com/img/b/R29vZ2xl/AVvXsEhekFUHEsUgGvFIYtHsGse_cDxXQEPi7VRt1VJ4UiH-Zt2oqNUmtT3TC2hNT5FgnTyUtVulIOv3o0-Wi7riYhgqgBh4j_eRnVdJj0EFFmTt9TIeWaGIV02p0djpX9nfvMHNSNjZqGpiEtSd_OsbyRHOdhszKnVXOJS1tnGuORbAO1qv_9dTHyksBVTb/s424/196.webp,
https://blogger.googleusercontent.com/img/b/R29vZ2xl/AVvXsEheSG3KO9DSEmqTnRFKI8O_EtwxZ-3drzVk7WBzO5ol1q6WiJ8YlzcK4pQN_zfbXSb7ygprInYXBw50TXRFDKUkbm9qaD8it5JpUjdsFeiekomipzjXPghenrs3WTcimq5Yh830cdobSNkAm0-pt9_4Hq_ySCVJeSSld6hjizYkEpOO8cO-p2ZhryiQ/s400/199.webp,
https://blogger.googleusercontent.com/img/b/R29vZ2xl/AVvXsEhF-CkVDXFCsG89xDgmgTrCdVVLvrpb6I19yYvYH1Tgqmwj2dwOsz6uYLMXOMpz-9BleuvJtGtRdnccFGIuitq-LjyHKJY3t76PdhSp-sSW_c8wqJ5vbNurpkjfv_iPXCHu_Fnatc8k69Vu_Z_XTpbBYevf0_WJwL0aZX8t7nRq3K-9Vk2tM9v4qCVl/s445/100.webp,
https://blogger.googleusercontent.com/img/b/R29vZ2xl/AVvXsEhfk-GJDe-pja0sRb_mie0sVmCwf-9K2TtszH9FWLvUZ1sQNZIBLRSyKGZSoct_GluZF6Dv6DATQ0fcLbIjruXU43x2Ux2AqjGKEQoWvHy6b3gJ-QH5wsw1CDOVEORUxe1KWZeA0CgD0jSrLXQicG1NW_SlX-SN0NVQaIS3bJ7ODVR-cDGGe9A5wJp-/s395/202.webp,
https://blogger.googleusercontent.com/img/b/R29vZ2xl/AVvXsEhg8RX35mPKjk2aQ9iTNZa67kMpJq9EzL1UM9IMHqBNt38bGFi5q0Awyt0Z4O-QOKM1yYp2WDaAmUNJ4-0rjNMJ4-DvXpk87aalTHTms0842oHWTOdz47D4eaGuX-t-Ct7XrAHXZeGysF6iyAt1wtgladySBzwk_RLe8bFEYbSTk1wOTFSLcZyPs52l/s490/198.webp,
https://blogger.googleusercontent.com/img/b/R29vZ2xl/AVvXsEhGbAAd3HkDn2ouiJh0JM5V1J6tLCCvmtvjV_hqz4D2xWDts70nB9afXAjIUNFA0xfqWbws85e0CyavtKUZlkniZh_gDsQiVUubq97gb9CS4LRQRrLvG5SXS1FTlYSSzoAqcW4AcPifMRr1V-1ByRO4NnzGRsbzV4AqQuVQdSJmy-Xg2ofDIKXh3WPK/s656/52.webp,
https://blogger.googleusercontent.com/img/b/R29vZ2xl/AVvXsEhh3fBbNAXO70QUvtCbq-nkxT5VxO27pk7Q1HgXe-jjprCqHJKA3TiDm1MO5ZhWOJCFz68gp0Rr5h5kCVxaGn9o-uoioXaDRuWbKYHV-w9FZztRJAt8d87ieXDHCc4M3L1Yhh5WY9pyAi8TdD-JNTyh9Iel5b8IQuFbbmN6M6i6J0aX_eMQILJQyqQW/s353/9.webp,
https://blogger.googleusercontent.com/img/b/R29vZ2xl/AVvXsEhH7EpmnCQgxMu-ntf1lppv7Spt_c97_r2eD9k0mkksXWHrh1ocgJhxJjYLlax_bC_L3ST3Oy0cDeL8wpGJ8BUArLylbqfqhrVYh9AkQuFaf34r3fKnp60sH1OlrRzroAVvJWLend03-Ya_59OFjVA0sXwocIY0kwt5eMOgas2ojcZcUlY_jep2HrL9/s500/29.webp,
https://blogger.googleusercontent.com/img/b/R29vZ2xl/AVvXsEhHpiMKll79SkeHBdKfzQBI9lKTw1rTyypMxhHROm2F5EcTqDSxXxHfnecBi7ZVR6gF2tUKeyVsk3uSloeeiG_uoFc2zlYieHyg9jX6YOccBrf9h7QdOzqNUoM2knMYpRkiFbTtHItxBDcwvclR0sA_PVnC1WuHGW1qMVNnOS8-BoocL8Sxma-D8xuO/s480/127.webp,
https://blogger.googleusercontent.com/img/b/R29vZ2xl/AVvXsEhi6lG4WW9-CgM-fx_JQSyNVecydQU9PoMqF5kFAJpGcDL-Na2WCekcYAFsnKnfNIdRAX0x2msAsMmkfAFCgROFhlEbRElPG7nZxoJ-FomWgi9x-ry3I45gITCGVIN7Ctd1xqF5SeKjwQR0BNtvetX71HIGscriIGaEeYdP5hCTtEqsvXGRZJG3IS6V/s450/145.webp,
https://blogger.googleusercontent.com/img/b/R29vZ2xl/AVvXsEhibP72IichvyzSRxBaq5BCWAGJoujcmZiyk0UHgfJLasgeTCgpOviGucKB7suNcS_pm0a6RIl49XBYSMwRi8BR1_SwxQbHfMeZY8g3O1dLmfFmsAmEePl7qEipB5x7R4uUTwE29DdS1o3AnsJ1oKz8UXO5or0zJ3SVCHT7tzUC-wY_XVL0GLJsK1o6/s466/122.webp,
https://blogger.googleusercontent.com/img/b/R29vZ2xl/AVvXsEhiK9-ILB6-48-mtHzWCAX4KFhPqwLixhnHaXd6kL8rIepRCDiABPkTHwFoqf0RXvrQWtxZqvfq_95vCi8J9uyQSQIintavNmwfDAwwVhStdwMP8un0okJGULIv5cPVaXk7DS2MPlOaBmnMP6c8nnbnuR6ewMEvaAtZUkqbI-M2N3mWIQIfweRxAzOu/s500/50.webp,
https://blogger.googleusercontent.com/img/b/R29vZ2xl/AVvXsEhIpIEKxW9VXFNTAyj-WJ991fe2nfl4FI3xZRNMdQZk6OBi3KMyH1p_wuYycuXpc_SH6T2h1L5KIkyD5vEt4v3W42kPyss0vGNcdclZ_4vVPSplXNyNMCi2l464eDmyx7XqQ0aRuU0DVqFagYaYpNBKoyCzIoWagcHbWlH7ZoJwgBaWgwleWkSw1sAR/s480/167.webp,
https://blogger.googleusercontent.com/img/b/R29vZ2xl/AVvXsEhJ6kD6Z5L300Q7AqxslC132VGhpP78kswonuuu2FR268w8CfeJUQTsKy8VN8hPXkVmQ5X4BEShREuR0lg3u23nnkXESblKOEi7V-da8aE_1fWBTIuSn4cb_CRgjQ3ZVNUSts1uyAKBPvkp_yiQeVRqTdrRjdz3VAR-ReYwiJkt1y60jiECpIQhtphK/s510/179.webp,
https://blogger.googleusercontent.com/img/b/R29vZ2xl/AVvXsEhKHsD00k0Z2Voy-Bsd9QHOQEPbh0SKuWF24lYdUz2nhhjqeSGYKZu6FYJ08gKDjpFFkdQbfgdECN_g_7BFBTq_y5UbVlwXOLwA39n51JGWN7vMRfNQx9k7zUmkiJMcyrm7AozuntWqFNI-Nce_Vtv9SvA9VP8RMdaP5ukpILElTcDRq23n3KqDoo_z/s400/42.webp,
https://blogger.googleusercontent.com/img/b/R29vZ2xl/AVvXsEhLAGsvivFO7hNL8e-gb_FBOcSEv34d-cpA3JEcjwM0aSvABsGzdpJMODFTEFZU_QaIgFt4dqRwHM-670CP1Gqh2IauWmcnxU6xtGWgqspaU_Jluqx7LHz4szAnFPf03J38HTlChHOmKMm_OJFzLwyWpCteyY78kAIKTikVUXoOM-x1tfP3r2QQotb_/s407/109.webp,
https://blogger.googleusercontent.com/img/b/R29vZ2xl/AVvXsEhlkd9H1zJ_3yRoPnLFVRo_ZIYupHs1mDeFdhtxLIIn-M_Ia_OxnrXfkWUomUZLXFs4R-WnjEDCaHRqyl0yx05YHXH3i4PnBkdkiqKPL9tBtTrMzXB2MA-whfZEXa_UVWcsAnf8kyMq072lBHgtlABHatEQ-WGBjdIVXm0C6OgejeyD6o2BdyUe-Bju/s480/206.webp,
https://blogger.googleusercontent.com/img/b/R29vZ2xl/AVvXsEhM9Z-iQ1QdNadg8NHmzqHJYQK06rlsnLePU1gmt8U9PWlk0FP6v7T3pUlZreFcsAKAaXcNKAmSPOIrv9sRlnlsP-eWYd5pou-zUjFgW_t_bHAqnNZIe2rBsvN5F0W0efIEI6oR2bPOQBwZKMxqXAiTdNatvS_hmanO9J9weldlPxAynaHnctPfwbpx/s534/186.webp,
https://blogger.googleusercontent.com/img/b/R29vZ2xl/AVvXsEhmGHE73xjKXEH8lCQRhplCJ5g9v0lX3aHS-y0GXf6nGRxD9ts0BQAE4GNHaEJk_twItF99R8aIQJJqoGOYt2cOer3d0EPy28-EiNZmVxRlgPK3FkEpk5WAmcGgDKfoJEs--Ci73lGRCszhR0j7YVlCKPCN1H7R68DmNxnf3qMcrsHqonYzZt9SfUlF/s341/113.webp,
https://blogger.googleusercontent.com/img/b/R29vZ2xl/AVvXsEhMrgr_xsHfbtrKPtzxhomcO1bXpWZxfMWmLzjRmbAFviEjlKvOxepHgMgW1ppPgy5rv6zF5wnS2BlSitzyFx-xd5dZS717WxrNKeClJIcYq3vZT8tlT9LdnlwYwBTru9_x4lqrrCMYTASy_-zHA-NT7_yFHuyEPhc-lYopp9SndjPJak2Th5bL8RAU/s444/97.webp,
https://blogger.googleusercontent.com/img/b/R29vZ2xl/AVvXsEhn0XRt3U20BkkRhzOHCdLwJ5kNIn8G77ROHfh8Wf8x4itQXTHSaXyL7TnUaVs3IyUrlht11-4y2xREc6h4RSSi251Ow75f2HO2sEzT-v3aP_HX7Mf_vUT0TRnvTarUTgVRZqFHYkLhtwQE8Rd3Pig71OVXXMn8T5IilS_i1FRyM2VDBe2yGxEt79iC/s490/11.webp,
https://blogger.googleusercontent.com/img/b/R29vZ2xl/AVvXsEhOX9gJrh-KHlkYDIFVfO0eI9NhpencKBU2kZzFm64NFidUtVGxmku8As9Ns2UInxqf2VCrC5qnl7awNCx13Y4XEFOzr2uJaAqQaVYNC5oEW1PNH3pu7vqWWzE3-dtc5imu35ya_CIZUJixMLt6RxEiGasVKKVRQP99TfpygAOblN_lD9ZtBe87ySeH/s408/70.webp,
https://blogger.googleusercontent.com/img/b/R29vZ2xl/AVvXsEhP6i3ETO8n-7Q4FZCU59WbGHGy2oQwEGlrN4d9Pshwa9_zTst_5DQGUby5deNnDOoROoBbXVE5qBVcMPG4mKrDKeJAVqPIIg_Bzi949NCgH3DksmvjwwHrJXqf_-5B4lbglbBsMlPEPy9qF-AK6dZFYVkH9-gafZJ1lGiGbFXNQOIs1A3BzgXWT-gL/s250/79.webp,
https://blogger.googleusercontent.com/img/b/R29vZ2xl/AVvXsEhPdgeiK4UCEa0DySyMUI2KSODXZPr2JT7WwZikIuoxa_Fp3a-VNArjP4oI5fIF2sj52wMm7W4ziwUbapBJydZbty69BDwVsB5RVjwuKP3RL-uSbvu0ZGCNhQWR8vwSH3T5KyiEmuuThAnSkAzQk1TtIH2BA9LsBkQNBwEi_zCwX2KWul2rbTbwKlUC/s520/74.webp,
https://blogger.googleusercontent.com/img/b/R29vZ2xl/AVvXsEhpmAb4yTOn56XqYQtQvbtryNZS0iXT_3RODjxt_k0DYUzsIjfi6KRwn14XoiYu6o_ffcCyVGiILQ4FyGmNyHdmHuwDX_fv0SXVLbeQqBCofACPHC2BO-S2V_Eyl0LR6dlgO07-RqaLV7CFg1vW9gOlwbAzMMVpoOUonavTtSszs9x-2JTkZhuRkJkR/s650/174.webp,
https://blogger.googleusercontent.com/img/b/R29vZ2xl/AVvXsEhPmRzwImBnFLl-KbWD0ydxbNQwNnbwUACWTWvcOywgkN1VamxxGhgo3U9ZFmM184aMlBqNN1NNItXjItUPh5Ij76vdL89z66KL_tZ7fcgyUT4HYqauKXVFojZk4pJ6k7dvu-2Tbuyqacq9JZfesJEHSCFceOTNc1UG2mfMRTTEeiQteyrfmEN3gLgv/s444/43.webp,
https://blogger.googleusercontent.com/img/b/R29vZ2xl/AVvXsEhqkC5bgIBrAn3RAP-BHEwhfV2B-9Ogo7-1sI4NMFy8vHwYk5SG5Az6g4tfuYDv6TBufWreUhNdcjkqXkZ0jTqsiW5odlp0InOiR8p8naqXO9dawOzp48ojl8HH5nb5YgWy3XK7FV_BDJUfKjUxTyVvR2amwDPfzuPjqYI2W9cBRc2IY8bW9Ss1byVj/s670/155.webp,
https://blogger.googleusercontent.com/img/b/R29vZ2xl/AVvXsEhQwZczXBf8nThiDOrPmjOD_JB1_DN0O1phcYPSHZCiiQM1fTLwCSMkjOG_QWygaL8OR5waIP2ge9sA4S4OpUDQDe51yqF4YFYH3wjFDXZKJ0zAxtIycx5L2dTr12ithcnon3UUbjYf98FhI3_BDpsfQAkSE0NuCnK2VRVy4i9FrLDC7hTEJehjJ1HL/s480/136.webp,
https://blogger.googleusercontent.com/img/b/R29vZ2xl/AVvXsEhr16-hZM-e3qgj6_xPxtvXP8HREhprKDvNKlvSCWpdYu_bJ_4Omxd2kcT6pQiCy0sWTxt-cRGSwlpJLL5oASVTkPnapC2x_rJ9uoAAd2msnqL4KrQFCwmeeqG_AzLXp5uctk0sjSS5gRt0E21StWJbq7D40OJXOigXQLG5HC5FIm9mXCnAi6gqYmeF/s351/114.webp,
https://blogger.googleusercontent.com/img/b/R29vZ2xl/AVvXsEhR_6mDGlNmtfD2MsfZIMDRvGrRmlWq31lpLTINq2LH_kCfj4QEE5U46Z5C7T8YQ_zigPoVl-AFqKokInV2uWdHjcjPL-jG57JjMd68KHElurLT6wHSbk8Y7yU-j6XkYGPLC2S9fUPqaiNjx1CyljYJYrEk6YgR55x_Ivn2tdtX5Zd-WOUZIRBoHwEx/s500/16.webp,
https://blogger.googleusercontent.com/img/b/R29vZ2xl/AVvXsEhs4dwtTf6hr24dn0XFguybGNSbra8jjVzoKsFi1qxfla5iMtovqn9hDxs1gvIXSCoH2cTD2isVyiuBT39Y22Vd0OUnO1DCJPRB6222WQht3hAtygMx0NQ8cB1jEFFQadyHGmEx9A3-lWyxIBQ7sHoAJoxjxIXWswyugyQOrNO_eiUZ0YRUA3dO-kDc/s230/45.webp,
https://blogger.googleusercontent.com/img/b/R29vZ2xl/AVvXsEhsQB3_X2vdOu1zVvbz2kHVAWCRaITnoMFuqpKj_xIufI0fQjWWJHiqbo0AtPHKg_0rvOc3J1DL8tTceizNAUjGabe-AmDa3pSy9UiXgPBngEGuya5pO_MJh8rQKVJjV46VFp8S1-kZbqMSihCSLTV-nQtYaqOd2DSSBZQBlYoXoqlykJS6V88CkCV7/s640/48.webp,
https://blogger.googleusercontent.com/img/b/R29vZ2xl/AVvXsEhssOMWDOW_dt5GczqwnHSBLlbT1UtXtU18oNRJdTSAfScgEsOir92rwSXXaaRgE8H-gl3wCnc4XSNDMbXceONBLO7Jq4AeeqODTjOALpB67q8agpehnuU0H0f-o-my1jXgxjijc0B7pb_62G_XYDVcvoexvT_xvNp9RqlzZrk9OOdbCLZ8Kbfy2mAX/s800/181.webp,
https://blogger.googleusercontent.com/img/b/R29vZ2xl/AVvXsEhTQRhmqNh-yHBhDT4ALcKuedO7ISm8z3RhWzFQQf12U4P49pPZwG7YbTEM3JtJDP9NLmf-QJXYxYB0bzxyJtmjO4KngIKgwiAtzR9f7-v20HUX3LJCwP6wbpjmJmKrv-_IGIEeERSDe213Ce2hAd751xg7seww4Qus_XmadHwcAm4tlDeBjDgpySH0/s450/166.webp,
https://blogger.googleusercontent.com/img/b/R29vZ2xl/AVvXsEhuNSYTZBqePbO5ztyphvOy-KS4V-z-cpmoR3UuCJhGZvm_DwLGwtxgO8LOR1vdaaO1WeOQ0sSBv9D0DHQdKZs3SPZ6Rzk76oDQhldmDeXiNDPk26QG1_1y2UEtM7udH2SplcrHm52YuBHs1FhRXJBXnu6uQ4vNE7VoU5JuLbcRGAwqkg8uJxkFuF1J/s692/210.webp,
https://blogger.googleusercontent.com/img/b/R29vZ2xl/AVvXsEhvBlMBDpXcmanIrqzgcMizp0iF8sxZH6D4Z-IHg256LQ0Kx5jWshIDeWJfb9bC1mXEudo6r7a1-IIV-dzGE7yjRsQbc8qGwXxd-zLw3B3risx5aQTuqFKeFjE87J9EMwLnEzDga-sqyYPiT6XuE6RfZXop4OdW4sgGUVrEj9GEd4taeIW4VTtAQVSW/s428/180.webp,
https://blogger.googleusercontent.com/img/b/R29vZ2xl/AVvXsEhWZHwaCyAxaIvAyC-KLJ175zrqHwDwtdzaySzyV01eh8hoxvB9BcLOaM_d6EsHCyn-J3ju3pgiiLxMkI8Tzqd40m7LTKLDfz7VbkDi6-QvEKLhGYHjV9_YnyHS-6uYZ61AfMv3tXE41RVRYeDd0ZVd7YvUQUn_Y30eb6udvBp9JswB_BPqvmuByzsy/s448/65.webp,
https://blogger.googleusercontent.com/img/b/R29vZ2xl/AVvXsEhXDIxGiwfTptVm7D8QFJzVuLQUPjyoBe9k13nzSoEK0p4LUet-NPXadmXF6A17ToJGRRyLIsg5lLXZ53SjLdMxXa7cZqE3KOybyGhNj3v18otL4KMeBK33iQh4Oe_Hdbz-ovLxjhP0vEdxEvs183gaio0gkNgkDnhRlvdlZlKD622UZxglChTbUqTD/s246/27.webp,
https://blogger.googleusercontent.com/img/b/R29vZ2xl/AVvXsEhxDnw8me12joMnZb0y7UJLXV7LWjyRkcHGQFd-9BQ54G1N0ZAU_CwcZwjpgl1v51NTPDec_svDZDfaUQ0iGcSSxofzCsCq6x2dLS6CLPYDJi26VWD-MIqM0l4-xVx-ocCeQmaIslzZSRxFp0GIbC3l9wJfBqAh9W2CaPtWNqKlI6woQOsNvf_QKAze/s450/208.webp,
https://blogger.googleusercontent.com/img/b/R29vZ2xl/AVvXsEhXIcZWxmZQl3ggYESE8fqHQs62VzD2FtM7Z9p3XZC8AOebA6AzZXTNUFa9BjKQ7L-PsNjrHzetR1fTzvkLlMcVwaJJ16i2zb60Ja9KJTD2tPVB9J44EWqKpONW4ny1srmPogD1w1a1s3vacOwZEZI2enH2Lg9N39-tIb9bswnkzcJhpuVBQ17Jrk6v/s346/12.webp,
https://blogger.googleusercontent.com/img/b/R29vZ2xl/AVvXsEhXJpLn5AKz6fDi2iBWCevJwJoAca4U80zwDkf62FYES_W8jTqc04j6ySbnfOLtNANpoPUCYb2JEeu-u5P8MgpEzJvV10300d4NdBYfgPeNkfbWCiPh-ONSGFVOeJ-hmb4_PAPs-3h4TVFgRdGIX0S3-5o9zQjwv5N0awKjS7r1bE7kfCwb6AoOcJCR/s500/40.webp,
https://blogger.googleusercontent.com/img/b/R29vZ2xl/AVvXsEhYC9K3QSlBKE1HgYorPxvfqZlDuqhC1XTrGQMGRJ1InLFYrpW2csAXUHvEGpzGRsiiDY9Fs00qTqNDnMQ_5sVtILESYeYvT_5aOrl-Ab4svD0KmA933X-uKBz9IF_rRm_FKuAfGo-fwjnAWzgHm9a5eytW1fm9Qj97S_C8nM_PXtX1X98RQykg6_NO/s495/144.webp,
https://blogger.googleusercontent.com/img/b/R29vZ2xl/AVvXsEhYnn6ncPaEoYasR17ntXkILHU4ORzoBmkv_ePm8IEHdq9IRmrjMPMdqmUtM3Z220XGfoCWX-Th5o4ABcAD782kCtlPkQ9nYY3VIRF8O52TVvbvHl4OmLvhieqc7xGFF0BqumH9193uacHXwLayniLHy1rEJFt65HN-T-sF0na1e3eq0_Ce60pDDT4c/s405/32.webp,
https://blogger.googleusercontent.com/img/b/R29vZ2xl/AVvXsEhYQbk-kQ6a_A3GJbhzGtRbK0ilBjarZZQN5hXviU3-qAC8sCxDt3swgt-C2OO6o-Y-9zjRP-EPzTbk0MO6YAkM9fL_h604uovn4Jh8ggV4ewu5dl2lCRiHySa-DMcDU_0sGM8gMXyXkiVuwqTL5GZmNExM_7nTfNql3ORxsOBZXjnd_in0x0DGvR_A/s404/21.webp,
https://blogger.googleusercontent.com/img/b/R29vZ2xl/AVvXsEhYQQgmZYMporxN7ZGb6zCclmjSjmnt4nY4mIVjGtQj996gYrvjbADpFVouqs7eoRBcRf3lbhA9oQrI6Kz6Aqw2WzsjobwuKExygqTp_WkfOaM8oP5JfBb5pmAg36WFudLUn-Fy0rxnavYE7mhxGkeOvEIwCujQHLMelQwzrf0dkkDELbc9VmJZdVNx/s450/140.webp,
https://blogger.googleusercontent.com/img/b/R29vZ2xl/AVvXsEi-6FFR43V87l7XaxAp2fBJ7BGlRJWgPoyyBXrBPKMVjGsLtgiPivFKPW3kni2aSxH-_Vv58kWmg5AecJVuP8X1LGrh1Q5PBAgaXXV-gJ2Y6YcQHVqeEiox_kVtBPH-jb_S8uWbC7wKfzNrwpwUVPbUKF25iODN-I0GHxmz5qe3x8kYbM2ac8MmOZ_W/s351/215.webp,
https://blogger.googleusercontent.com/img/b/R29vZ2xl/AVvXsEi1Q2cIAfRch8dw6Bm8LeOlkM7huLYvrMqc5vb3DB5ahZQGWIvPj6OKwFn_C4vC3buLJ_0gNcY1OkHK_sEKv9xCTBEK6zzGQ9wG1n91g-b3XDBf9zRSzm0Ofgr2LVvyi7sZy5IeNy3eonZKy8gEacgriJigGJFDA2pkuS3RYcg1AA5xwsB17xuTldNc/s480/123.webp,
https://blogger.googleusercontent.com/img/b/R29vZ2xl/AVvXsEi23BFmjo5JhS_gJzYBoqapQUYvXWDfgvN2PwVdS16vZV9NRqKn_nSFEaa4P7WQXdggur5bmS8DB1XyREoUthVYkBTD14kOekHn4vy7bO5qLMyh68UxLxXtiivA58dVzLpRcEHoYNd-ihjdv3JQO0gLNFBT-AZPY1xsfMxrovUEIZWODjvd1p4OPdI5/s551/191.webp,
https://blogger.googleusercontent.com/img/b/R29vZ2xl/AVvXsEi3-6L5TDa-Ztp2twhtWZTc-ihQqIQl8pCjBkqxrB5vQGdK5wUaaRtKwCatLsQd0UQTScuumFoau3JCxMXkgefSJLvcDSbXVtv1hwH1eS2Q5PP120n-CDs5XqCF8ba0zRJ4i1xzg9iN0NHJX8habKOgj2y2NQW31dBu_ugm-zZUgblvSABFtaHiz0Aq/s460/37.webp,
https://blogger.googleusercontent.com/img/b/R29vZ2xl/AVvXsEi3435ZprBtYo94410ArFsSYGI3eKD1q_PP05KEUPcNOk4EZIlL-v_SKN5flIfzi5xYcpyv89kC2L8LSG4nzdMocCIkC9KXXxwk7vUZFdG-PpD3fnD9oVMnKXOqlpFqadU2bUjJ7I1NuNcx4gVvGg1GLhEjbmqNa5ZoJ3mhiRt7GqM5mTeY6N6lQyUs/s595/185.webp,
https://blogger.googleusercontent.com/img/b/R29vZ2xl/AVvXsEi3YzCcp9JZj10uoLdqY4JRRGJ3Bscd4Id1LWQ9tvPZbsIAo7GsjIBsotluUYEpQoE9jtxC7hMdGXKadNy8avybsWSvuGDGJ8WDjUtkJoj8FzRgScBINPKDTR5etgPotmTzzpwuL9F3j-T7B-hMaxMZvv99g-0iT6dbyYCWxo4KqcKUq-B6n2bHhO-D/s448/28.webp,
https://blogger.googleusercontent.com/img/b/R29vZ2xl/AVvXsEi4KiWBNfREdIZD9zLsCRtpIrGyMqZ02GnOa8YW_lzAnjvSGxf2gZ-zfLdhQZ0e9klPh1QBVJ7Cp2QCDWcip875k0ca5Sq6BzKAFFMvV3aQuzcAaHSVkqonstzFbToVp1i4M-78TsZT8pNMyoeGb-c0YK4amVwT72WUtUrMJsuufxKEDfkNHy1Pdo4J/s425/120.webp,
https://blogger.googleusercontent.com/img/b/R29vZ2xl/AVvXsEi55RmgSa6A478YsePEqwyQpWcf8VdzavWGeQxno4gwx-XotHnLd_pcWpR0mbvrXvbu0ZxDSsFy3m5tBCaGJsNqicNwCP03qKZAPiZ9-HJ_0_huEzYjD7CsJy0yil5GG8HLTxVBlJsFmjHYfHfKMMSnCelyjWZr3FDbqdbykYjOrwFibeGDy-HhLdx9/s300/56.webp,
https://blogger.googleusercontent.com/img/b/R29vZ2xl/AVvXsEi7_lIZo3Fgesp7OARr96nntk-3MAwJ0d5-y35S70Txx5n7DCrrj2Pzm7f9wO9vJ1hzDGwHBxuTERiet3X5uo50bdw7aPlUbZrp38ZRiYHfgtkCDAcyLKpn69gnMwsRl4Pt7imJ0pQArwXBpIYO8Un1z5HMD0Pr8FHwEuKRgRoA4O2rCH9vr2PcZTQd/s433/175.webp,
https://blogger.googleusercontent.com/img/b/R29vZ2xl/AVvXsEi8sF_-KLljLFxPK7hOKrk6UAg76RiYETrg6ToLG708GY3KH5TH5JJ7zZxWsg6xETpuwEWSjG5y1dvnSSVI7hylmyQRfh91bZYGUxpTfrnxHGdWT0Z7-Kv41OVrunTllQM9KI0Cx1sZGL1xU9j0uI_GCBQNm8jKRzur41FdQXHd7An9kybc0qQLPHkS/s270/85.webp,
https://blogger.googleusercontent.com/img/b/R29vZ2xl/AVvXsEi8xv-k-xdBPIG1JfduCCY1s5hyZhXqNJhB53eZXwnvLEKm1kECAqiWv3K4cg1LBuT8PR1iIArmO7BR7d5Y-ERL_htd6rUmo01p7WERpMzmnFpK15ch3-9eEvvLKTkVEOPgBTyiHr6QYc73yPWCVPLtZLjRJHppAY1EduBi0_6PdTKaykafu6kMLHMW/s439/87.webp,
https://blogger.googleusercontent.com/img/b/R29vZ2xl/AVvXsEiAW4XDV5ctI6Kt1lSOeB88PcW2OJq5du-etlo4UkliQZEorVdKGuAuxRXOfpXN5J_SyN9tDhyU_Kg86oUXa-rwc0IOE0-AfdccaN0vN_lkOP-Eo6IilPFUujeomZlPkCqlDzzVJBbgUc0wO6rvDprq-2lJWXaUkktZdIpiStyF5NkPx5nKV770uoeF/s236/152.webp,
https://blogger.googleusercontent.com/img/b/R29vZ2xl/AVvXsEiBupkGr0CrnMwPhf5wD6SO_7JkpZCh5g6WZvS1mDHwLR3kOUTV2Ae_pGsVual_DnrCJBYRJZQGpHlNPQ066bwSTvNo0UwIWVyXFScHs8CLOnDLMJfTDNXXNUnguVJn1FNvE_ehoWGd6ezjgzDCqgt9sNpMolcgMTvtDMenn10O1Y1yvjyTI8z9n9X7/s234/207.webp,
https://blogger.googleusercontent.com/img/b/R29vZ2xl/AVvXsEiBuxNtYsNv8yq-vq3pfXM22HstJg7Ue1BDUQCxYO6wkiJFdTRVe00q8mAzJylHSL2GhqjiAcVhaPigmA9iCu63bDydsMx1taSfiCvXag-rSVvXYbqQEzZtPx3aRYI3TM9aXqp6KRJ6W6p2L7iJQbuqegC-ugQLpgUyZsRoxgLAz4sDce-4zgClAiEi/s444/67.webp,
https://blogger.googleusercontent.com/img/b/R29vZ2xl/AVvXsEiC5_uyYoWBm3uXv0C1_JlfSdjKX4lg7e7KdwylbRGrf1sWb-LkwPZh3vfEHu9dTNEyAWw6X9SWZF3k3Th2xZGjZ18-9B0ZQD2LhzPhsRaDqPDFN1B8HmEgq1lFP5FIoraIhVpUmkYxIdV9G9J56eIhiBI6idwLFqVk19sK6fyLeGN8E2DAIb6AkeuR/s320/13.webp,
https://blogger.googleusercontent.com/img/b/R29vZ2xl/AVvXsEic6DLMsgWmp1_t9dZNkHIstsHkNRgWXa1FnZWCLIrXZBJyGnWPuSrfKRWRRITaAQ7di4QKdhrve8t68el50fO6HudyVmPYmabDxq50IckXRNN5_gnsLaf_uE7t627sLvrifICLLkadCo28o7Ftm59O6yN_C5CzYhSqMly9qvUOCONtLuUf8FfQpDD-/s600/163.webp,
https://blogger.googleusercontent.com/img/b/R29vZ2xl/AVvXsEic7W3HaB1ZY-u__oq0sSEZiiNvb0g97RLBD0nGniLPQodn5bmh41PLBp8WKM9E1ttZ7aRIVkeek5jzF4Hf8pxipqDOLURwemihQ2mZDreu2oWG8loBfn4j4tUpZUkxhfukfqnrvIol0O0gROfSH1Q4WzqHueT0K5l-xdWcrmj25KSBNw-y1WaSR8Qi/s480/209.webp,
https://blogger.googleusercontent.com/img/b/R29vZ2xl/AVvXsEiD1f8_Kda5KkpZloxpzT-HAxD9NcH48jffdpB9XsvPpuxgszKRifGIqvtLQbCFxYx5PUWop3CI4CI17vcOlTOlLoa0GEd2nROTWE7JAdz8sqaWYcyaona19vURp3lNRMKSfjDU8nT1Z0LbR_MwVWnCRc2YVgJDjjxlMgYxfbklSBbBeOK9Un7E5gkE/s600/125.webp,
https://blogger.googleusercontent.com/img/b/R29vZ2xl/AVvXsEiE4389VRS4QPuJ8LKWbwL-I_XYiOVlxso_lB5LbktmC0XxUGXEz8OBSKFQEfgu1pNela0S2vv75UZjW-UEmbMYzGWWpbWNFWmM3omqHSEyMBIwb8ymXKzM47ZtU_l1p_IC4vwA5U7zalnjznaSZ8bLfAdC2bIp3Rp4j4OTG2cotC0Mj4wjt7VvLQ38/s357/157.webp,
https://blogger.googleusercontent.com/img/b/R29vZ2xl/AVvXsEiFI3X3ZuXgI000r8v5sxOQ9sX2tNpK37nZui0ckr4gYy9CjtWJVgHxxX3mbbUbzC8cvdBHjmNcpyMct9kf3ywiLUwFJ7BX8UpSQSsbwMkGqit5gYy26Ur3Ls_rGboqjc3nxN6BJ-UrGwneN7BOb5zQa3_CkZ-WUcyLmx1Im7k8HWC9ABN2LyljjTzg/s444/107.webp,
https://blogger.googleusercontent.com/img/b/R29vZ2xl/AVvXsEiFlWkmZGkLHCye_S5CIJN0aqUsVI7prFhIbLTZRpOqESZAXLJYTxGjzUnDW4VzII0fhEqkHTwU7t6oVLHWmFU0GU82s8zZJLhM45oVTBHRK5SiUZcSar-NZKKK5Y8ncu17YPluC4RaT-yAE2cbAAyuMh0x94RH_2QCWHSK1T5FDvGDLS4fRBi48-PL/s360/46.webp,
https://blogger.googleusercontent.com/img/b/R29vZ2xl/AVvXsEiFpjxNhlpz9k9UK8EGC6BJm_7Iun_7i_3UlCeznvhmZHAFluyhFGMxxz1PJEpqe3hpJJxTCPsU5FZvzLwKeu1Z4AEZwlbcqK64PrYQ0PbMRq2Z1milvFcVRSSReQ6hhge700Tv1AsTM4oohyH2OLTgQYfB_Ig6uqeF89VCoEIZ9yQm3-faAzuCO2Q1/s426/90.webp,
https://blogger.googleusercontent.com/img/b/R29vZ2xl/AVvXsEihAXwoFfClnuR0xmQUUUcAQos0UVBI1EgFLpQYBUAWRJiEZ_v2b-w-0WHDFAR7emNFMdD7LgGYy-ks1nxqjWAQrrkeisv58uQyZ0pIR58uRYPX3zaO2yYM2-oPYPnZfTFVYh7_Sz5Vvv3oLtPZEK3ZRmsgYi0skvGypb0c2LW2l18zuQ0dII1RxIZa/s376/22.webp,
https://blogger.googleusercontent.com/img/b/R29vZ2xl/AVvXsEii6Ks1cOyqg3BfdZRvSVR3sGug20W-GC2vpM8MpwIeVR81eRcDqiLhuoYmyufSsF2KFLsuH_HZ3wbjMIYIcAH3wrHDb6-qQs-WYSylI7EjM1gI9-sSMU9Ayb4bbAj8u23-Ly-b9A-7vQ73hXbU07MCL7D8osvKTve_Rcu4yvBCuPwFM7etGNFPZp_p/s300/80.webp,
https://blogger.googleusercontent.com/img/b/R29vZ2xl/AVvXsEiix-ecV1g9wGBvbXhezMQh3ALfsXTBB-nraVbueR6VHwp49m6oDZW04fcb9OdO1ViBnfvgjM-Hkif_aDvbSzUBOOLMYgYysLX1S8-MJhFh5SmfTHdwm9mePV3LTfZERuAcanvud9JM-IoZ_FDIzyDy0gG7e0NLOGe4CykWX1Bw2IIr3dMbeuExX4Jb/s359/75.webp,
https://blogger.googleusercontent.com/img/b/R29vZ2xl/AVvXsEiJbKJhTiJhXp_y-5j9mswSldKddCIoY-POjN32yzm_F05OBlp7kTlS65_BV9DyqSCakxb-T_WJehqC-SBn-gvg1Tmebda7UC3lzwEpvkKOXEyE85d9NgHlZx6rZMARoHMemk-K6a6e6h0T931W2ImEv7usxlA7IrHxDXXpS_ElHinWaFczb7O8zojZ/s1178/187.webp,
https://blogger.googleusercontent.com/img/b/R29vZ2xl/AVvXsEijhTLCe4xNkMzlhrGJkpJ5oRp6pLx4_qacqAsyTj0nYXXNR7FvJwTGrrzIQvz8DpZobFmGOevXKs5cIhU0yFo-G6yJzn4qvC0gMSM6gnpYEJ2WZFa-Oz3z3CCmWR3NEKwx3kRiloafBsc9rA1uri8KjWh0fVI7dsaZoSByu2uBmyzBMC_mvI1UReta/s647/93.webp,
https://blogger.googleusercontent.com/img/b/R29vZ2xl/AVvXsEiKUlWzAZ7C5BcQiRMhfafSTJpLqxHYonbn7fnOUpxEPe9DuBJ8HQO15VTioWO8NsCWVVNH79wPkKLdHgsRlhinM9kT9mEGAaqPdHrbNJx_qZuGJU4NAykeL-bU0QnAIzZtU3jJo3g6U8QeYDK0pX5wBMIh484gnhq0J4bIerGdyzXdFyrx50Gtvcrf/s640/51.webp,
https://blogger.googleusercontent.com/img/b/R29vZ2xl/AVvXsEikYba6zDzSV8Za_2BKjqeT-MnvtlS-_VpKwiPvujj6TJjvmF0QrurR6tpUAtnpMPXEjPIlBRS7qSo6hkFGE4c1TXO9YLMcDIxmRQoAG0G2uO2EI0HjHwBqCNcWztwOh_EKrNrTM5YdFueUkEPm5AZRjZz-UDOO6FrvPQqLzxf4SMhnX4hy7RNNB-Q6/s300/55.webp,
https://blogger.googleusercontent.com/img/b/R29vZ2xl/AVvXsEiMasOIO95nzrZtTYqoIW2Be09GSGpn3c1ya6VYZAL1iIDskTMGv496hkMcbM1aiI0KlTYgVyHmeszLe19kqd8ZnWqFp5DAKSlLEBaMIZIPXTmEXXV10Qe_StYsktgD_h_lzyKfO5Jwn9qYZ3-6TUz0PoWSRNt4Dm6212thijpa245vQzmuLAS5QYCb/s320/57.webp,
https://blogger.googleusercontent.com/img/b/R29vZ2xl/AVvXsEimeO3exmuzNTJu5KZleSf6jF5WFMVG2dVgcfaHqpiZ9HgTMsVgxmQ_VWpZyxFGdJbIgxZMxai1mmbGomYvUEZBuUP2KwaKpQ2ObzT8kmvq917QrUfnzKTtG_UNAhv3q9cjisvRrRfqwAjhiIPrGUsjBIGjSKGAiPUCJS9SZBDD6UrOE4J5ZJUlAUWq/s600/172.webp,
https://blogger.googleusercontent.com/img/b/R29vZ2xl/AVvXsEiMSMuzocQvaAgUgsEX7gwi7BbtvoBegIffodT3A1t_Qr2r4o7qTjSfyH4lS7FOS1iUz0tOF-18Po2LYHdz8WrLhaTO6vAxGxaXRoHO0e5Hnk8KXmNX6yxtOLADNn5ZUsoD0IheGEVFS1ijkuQvbBAuoaDio0gaRYkt2I5NGzLbvorp2Ob2h7hgc-2T/s491/66.webp,
https://blogger.googleusercontent.com/img/b/R29vZ2xl/AVvXsEimS_H-eaVV-FCADpAa1EdWFKw9r7LGH1fNh0ZU43Yr7YCTbY9a2UFL4InRzCtzdCL1lbVoqJcgLz8ne44kW08F_RWoUyh-jXJ_d8EGfVccvyx9hejyElHmT648MwgQ9Q3PzfaxKfi8IzaM3kpooH4ADYepiVT1TLv2nVVX7PZl9aPS41NIRRD57DKc/s411/161.webp,
https://blogger.googleusercontent.com/img/b/R29vZ2xl/AVvXsEinuZMO0qG1MeVdFLTU_GeB_aze7eVkfmQS_ACgJaDhM0SF2TnIS7Recku3fGWzd4SQevvpIwxcCJH_1vum2FYNVU6_1In3zR52tv3yhh3E9AHPbCUFBHs_abjRId2rf26PGjXDoqy3Ysm2P01BQLSjU7xrA0XSOfdydzWVVkXmu41Kio3XHuvxQISd/s676/62.webp,
https://blogger.googleusercontent.com/img/b/R29vZ2xl/AVvXsEioL_UVEcl28PP5gdnP8IqZUIHoi_rW0i8IcrzpxX0TfQjU1VUrBWDlUiiU7lAmVWlIr8SMlkYos_5fQKiqTaM1W1KMozu3ru6ljmoD8vzdRVdNs26OByqWO9sCln2HjQ2DaLM4fCxLZvP6qYfclimYOawJN2gaIQe-zc5WSrqfq25IZNuIYCG3Z6Mr/s645/177.webp,
https://blogger.googleusercontent.com/img/b/R29vZ2xl/AVvXsEiPiIJDxeLsLuQIPXmEa_d7cuDMpuCORqqV1wI6nzd2crG405oWHcSaTgYddu22i1Cw3wvE5F1nf39gDwkvZ92s-kviBc8wKmMjIED6nKhCOrmYmu3ZUronMQW_KIeFocoXDqyzD4_WPWAgs9vuTdQ4bdZdWK8wuu9jcUoconHCQmjC9TFflRi3jNX_/s338/193.webp,
https://blogger.googleusercontent.com/img/b/R29vZ2xl/AVvXsEipilyi0BAJvNsvwTYFO6g5gO_G1snCOKfygGzUqK_jN2PWwPdB0RyVpSNlPcFCQRwMBYvJEcaPV3TG7E-lERxcygIWggd7zYExO2I0kNXopnXjz4YLNO4HHvMkpl3NeBdk-lMng9I8QC0hismZpBukKmPwCMxB3P0KOO8Ho5r-sB1XhuOULlkumnL3/s359/214.webp,
https://blogger.googleusercontent.com/img/b/R29vZ2xl/AVvXsEiQoxMB2VZbZJqPSJwb0jsi_LERJa-TC6_cKHq90NOlJYKO3ytoAdMloje9gXi4u139QzpO0R0q__vcBHGjp4uwSP8lmNB0RFPhbDGiT1rXzpY3oO60JsIIt7XtvJZKZZ3VxzL1FAq37O310baAdxhG7bF4E-Y0Fl4aUjxNn0dKml6jra20y-3lATly/s388/92.webp,
https://blogger.googleusercontent.com/img/b/R29vZ2xl/AVvXsEiQrK8Qs6CYmJzPWxCVaLjvH1LxxoTqzNlHxKJTpT-4pvDzCM3S6bdqxjIbA6UYepLcy0PQOrD-Al0qb10xAte_em7aycN1McwylblQe_ndQbDyKqfGd93uey1TUPQLrUIQU4tqQhmi1LJZuDXcAZIyBXyDXBd9bJEbke3bB2ru8QR3q3sEJF8Bo8dr/s212/128.webp,
https://blogger.googleusercontent.com/img/b/R29vZ2xl/AVvXsEiRt2NzzL6CqJSSO6lB03v7jpXz3drtAZZ2ByaKx3qZTYyywm7UxA12HHf53fACxV7tPuFTKUKA0zY5VV8HvtQ_hSiLWNgXtCJDAySl33igRY5yR-3JBG0HFnYe0Ymo6jV08xDclixEZ4Z4MfHttpXtZqeb0CQXKgmn86nv38PfRWmHa3pL0fCKbQW9/s512/77.webp,
https://blogger.googleusercontent.com/img/b/R29vZ2xl/AVvXsEirwa7tPcnrWJk5bCVZCFYpl0V00V2X4laqsLywv9bgRbIU-9fWHn2EgFv1fqajjDCQVjs6b1u8dSpZbyu32kEk1bgH88KvOfzphaozrMlzW-Ye7qdqeqQyljvVc7Rcqmk8RGO6uSCt6nJBdHoMOFwoi5BYN2ZVJzUstgb_6NY0oll0jGoPWelGDP64/s450/20.webp,
https://blogger.googleusercontent.com/img/b/R29vZ2xl/AVvXsEiRxmI2PnLBn9fPz1dC9ab8zDoJ_HC_dctCGQ22MeDli-Be0-K-O8yV5QfnkDYabbz4Etn6OTi4MVf40V_cbIqxgz1VYo1ft_BPdM7H2vC2FPTEI6CAabRiqY5j3BdYV4vrMahOBOBCQTfb7pUXvVvAsTRYIg3E2Tq9coo_4DAIffBtidxNZpL_ERkI/s512/73.webp,
https://blogger.googleusercontent.com/img/b/R29vZ2xl/AVvXsEiS0mTYoPyLsMn5OuaDnjZb_9HMWYhEHVtW13ryL4Is2BOYCPf0k5iGFJ0QpI7CbtiliBblH6W45CRbGao9JjM5ZpyXigtFV1YJW3EQQPP9GQ-k0vfg_sadzXOrNLh3myP58LHBlFlxiaYP5SGaj5BwjLyEc6EdSpu7aZjqWAO7sG6j8rFXaqfYLah9/s400/41.webp,
https://blogger.googleusercontent.com/img/b/R29vZ2xl/AVvXsEisPuIP7DIr5kLItblLN4kN831ebfcNeBHtoC58SYReR1nUOHMM6H1E7BNxrIZaO9MLOwiucPL_FZiMw_Ex3V-37h7xeIgiqvtW77JHW5Ulj2vjgNNZqyMnvRW0B_h7cMIonAWYERt7YTmOw5K_6uo6dWK5O-Bd-8lmup5LJuwWX75LnuTZGDh7JaPJ/s313/138.webp,
https://blogger.googleusercontent.com/img/b/R29vZ2xl/AVvXsEitcxT9Jww7-pjuJqKC8I2s1Dlujun0XvJAsyqlNM7qZV3xoHwSdFib5na685Ap4m22BwvedVVccmbxBCOgsf90S62iK0rxFB0pLN9Qf-tcyKT8QfLxFpTD8M1T32dtp0CeYMFXzW88EZ5p2PsD_91hTFHriedJb5s5g1xEfZkLX1csojdhi9kD6-od/s443/98.webp,
https://blogger.googleusercontent.com/img/b/R29vZ2xl/AVvXsEiU10uLPpXO_ui33XlC_8jAaDSk9EKEBmKaevWPr1DeSUWX4msjpWAt7djSrSOPBbuzYfJXP_30m-0mD8WB0LoW-uFAkgMKChULFGgw-xnmHcN3X4JZ5dJREeZGayyBkqq20YZGuutiraCG4Jy-pzg32Yrp90zQNUg3ldeIc8N8aTQPRYW9fP-yqe2_/s702/205.webp,
https://blogger.googleusercontent.com/img/b/R29vZ2xl/AVvXsEiUO73oWLb9rvTshFI2M1CLyPJFOTtIzI4PyhIq283fS5TVq5GECwIU-d2bzko_iGDEKb0MOwHLe1SGyr4-IOIzwIKRIbXzWWrYgb761GgbDIQJ3nrIKdhQ5TnGu4oGvCfeVQ4_h9wl6ivnH3BMslRC-6-B4wE2VzC_zeG-9eM9zaTYLWpYoevAtbJM/s400/76.webp,
https://blogger.googleusercontent.com/img/b/R29vZ2xl/AVvXsEiUzInwYGv0WhtnkPoPHiQbtJCa_2KdpFJRtvdbRGuIYeXNOFuTH55UTZl29xkOUyYI7qO6GKMCke-a7I70HpbB2bVTk2Dow23HVGmM5pwdb2QoMBYp-Nrjm29YgRyaZDHfiLhWcJtBTsgOOJKv6PGGnXWZPCRMe12cU2YBcgIWJTeznxBuaDvmWWJd/s480/184.webp,
https://blogger.googleusercontent.com/img/b/R29vZ2xl/AVvXsEivKSL6HZokzYqp2Rw5UwbTKJ_TqShpPlkxUGQLOMoTWNomOglYn-LdN8oTnqiUOv7PpkEydY0rq1RNxA9MpuPf1AS2FdC0knYz9UsgreKphsQbk9a9EFJECD61jzDCgaCCFyBQ86iG0SkJSHyJ12PGK4-gqZRje3371QQB10V4i-GZJThrPDXboHAz/s550/89.webp,
https://blogger.googleusercontent.com/img/b/R29vZ2xl/AVvXsEiW0jxdJ4NBV-kT7SNCAz8pbn1cRYXMaeXG3NMvAhAHm4xH09zwkLiNfimoxSR4x-BZpJW2k5vJ_x9EQVKL-KDikpOa9zmR6uS3dt_ihcU2u2--QLnuohnP0BYTtCi6TihdaTM9I4HSpZjf5shy10eiH3gql6wCbAPlQznJOO99dNgbuli94tQAEBd4/s675/115.webp,
https://blogger.googleusercontent.com/img/b/R29vZ2xl/AVvXsEiXDH8qpIwEbj1f1hjlkn31dte1ilYThAVPddotuFh33RipyXFv6i-qhi5t1xwELHlYCtvoDuemSehsdz9H3AnTm8Sa2jBuv4XWFWb0syUenNbQp1GoGgMNOrT7cWn_A_2LsgtDNnkze4gCnUXUV0T4oVT9-LUFMuMX0pXZGq6LkK70QtO56l5ViXuO/s360/213.webp,
https://blogger.googleusercontent.com/img/b/R29vZ2xl/AVvXsEiXpDeZTJe29s-GbdId7x3Z3zD5oKXVkKq1fzr-UJ430Ly8gdGz1AooFSpTsfx17JQi4oIsz06YEafd4r1E9E5PqZmxD8lifDdSEl5gK66SBIyUciT4u43rp9fFkkuRv05IHgacUomh6G2_POXhni6Q8gZlkUa4vpUGTeICcS2qoTKScjMJ3oWIC_jF/s500/8.webp,
https://blogger.googleusercontent.com/img/b/R29vZ2xl/AVvXsEizCbb2TzcHnjrn0c8VY-h5gbMUxXO4Yu79bOkNPhzXlW4g1099D64i8CR7IR2rV2SH6SFA7KU4WI5giKBiYGwgjYiMsrYmdlqEdhO1t571kYJdnIiil-ggEq5FwhoVp-elMExKs0IeiY38VjgWppc2-_kusuMWZ8rJD8WRyydDQ2KB_sDyjaxt2SG-/s464/111.webp,
https://blogger.googleusercontent.com/img/b/R29vZ2xl/AVvXsEi_emVI1qrkjBCZBN5u6mfJgrss56l4Pfcj49Ny4MLTg-uXM_ai3G9oEkC_-rs9zXJEPDWatPvMfz8qQKqW6INx-0-gxPiZdN5NjrNyQ312kr1a0fdKiQ0z9BQAotA_Ypw-hU4TaKoofKqmH2KRInkLhvAqBjkHOeQ98wer3QDwEElXrOCWZ8flUr6G/s450/158.webp,
https://blogger.googleusercontent.com/img/b/R29vZ2xl/AVvXsEj1VbJhejyeF3yBdJk27QwqtOf9P5Ej6Tp5XAwZaEDBZAZyuGXItSMU7JXZvCvitp7Hi7f1Emoi-dUCBNWwutRG66-yoez18o8kxv2oReeCC5RJXYEZix-q9ymaLtUM9tlpkh5S30kSy-esLlne0Nqkul2KcMbGLwoVOAm0vkVG9MXUYuUBS-n849CI/s480/201.webp,
https://blogger.googleusercontent.com/img/b/R29vZ2xl/AVvXsEj3-H06xR3Tabbq1hSmY1x3TsdRU1_46QJoGMivfS821ZQFakyyglP17MN3bgBPrH_NxURp0tfYXb-1c07fXafWQRRkI7m7f4qb4ANn0D5t9_46RlfCcZmot493ViDP00QwR-8FbCW-hwuGcH1hop40lhK0Jw9AQdL9sE3Ei2YOXKNbXmlA9yByVfdR/s542/178.webp,
https://blogger.googleusercontent.com/img/b/R29vZ2xl/AVvXsEj7TQJCFuWStDyzfqEZ_V5pJTcqkUEQfKYTxh0JjwvimKavWZq53Z53zTa47bIpyaIyqhkGbvNSQTaHiLwvQum2giWYCwXAto2vwHk_CzuFNhzVk8G09vOFf_PaM83zCb0P2hYxvtFoLjYry5J20Ts9WZNO_eUvswle_ELj1PlgieezN_KYBfRaQkzH/s371/171.webp,
https://blogger.googleusercontent.com/img/b/R29vZ2xl/AVvXsEjAhqbvS1nKdjBZaJBjtYK7P6gH-oQWwWYCfmTOQWihk_W_3cIo3xU_YTWx3G738eL_qOTNo2bt71vPe6L4t61KmRcXQEwHc8FXqKh02Ke_jI1J7Rgp1L1ZJFZsaLKIKR0JA-qWhgq2cCBowWP3lvRkMpf15ktlEM81oberoxFRdVjlVftpwCdSRSoc/s600/131.webp,
https://blogger.googleusercontent.com/img/b/R29vZ2xl/AVvXsEjASR3bBCDXpkdfa-9jgZb9wUBajGQfyay-hmqhDu34YzNO6uqoUDi48YEtISqVouDR2LoQOD9t6Mltm-k3Pgb3gkOF7nBN4tbZaOsxWZABn_zno35uyhw9NrtKsS5KYHarFGpEGWAy_1eyD4IDUjOi3sGiPKXdZCi1bbl1d2Joee5Xmmdweh7utqXB/s400/5.webp,
https://blogger.googleusercontent.com/img/b/R29vZ2xl/AVvXsEjboKJQPeHB4SypDSTYs1i4hc79jJ6DgsCbP-7pp2-BVnwUeq8MDtbmsVJz6887frji-tN3KwuA_jNSP0zi-hFLKHOcjKfyR5NoXCZuGS9YSxSX4fzS2qshMxMHdTmDfc22v_duVnOTR4pvqnUBKnb5VfTxaaTLiajJUaWUGiAyxQchMfoe9xfmOqLK/s332/25.webp,
https://blogger.googleusercontent.com/img/b/R29vZ2xl/AVvXsEjcDJWWdqqL-hGSlwLp_j2ztFQzZjWkWj5CzgzwohCuEl5qTThmPKS0hu9Z4Iuf8MTDkPMPI0zY8XzdfQM3hhxGNu-0drAdvi7nMfuBnQWEEL1H2roOgY5tHg5r2h2mKcqN0OGeagvWIrnc3nkStMEPy5gGFCtX77SV6eO1tfOnlQQWNaoobFJgccBn/s720/159.webp,
https://blogger.googleusercontent.com/img/b/R29vZ2xl/AVvXsEjcYxaAQ3zyzHHyRkos8Vjanod-pZPN3lF7eHhq2KA3ztOqtN_PR4a9XLqwRboNm0OiWlLpve5isB0w1vniQsN1cuH1QZMqwUtaVe-wkEajeMlGSJ16whePUB0TIgCcwVsUPhK4ZquxK-QVM0bBTN22sfKNYb17O-ebIe6pfbxum2qptNK4LLwWEuxn/s640/203.webp,
https://blogger.googleusercontent.com/img/b/R29vZ2xl/AVvXsEjDDSyCjmzqH0UUJ5xVPm7o9DnJ-Y6XFaj-PHCv3r2MHgvjiBOw6SqjsHe3bDW62yL01i-xzC2sazVfTLhdGZB1Q21eLpXMDFB9Je9YO5g6RkK3_FIFCZe-N_y-8wQ1UYqxJxUR7SmiltZcCJ0SAvFM0wCe8W11bzUXEZJxc9evn1HBQLoNWUQhioIm/s600/117.webp,
https://blogger.googleusercontent.com/img/b/R29vZ2xl/AVvXsEjey9rIzs8rP8GUbY3HLG6q0nrExASVKYGQ0qubPLZhzwK4zwMcFQs7U2X0uq8PGXady63pN-dMYcadV391wdKISUAd1w9Z6okuRoatt5sGj0N2L3JSXtAH7e1vX8HNtZWoS0k5G9mIIhgSkaWd60egOY_n6Z36nrRb2pEiTgeSq3SyeM9FZPNLYH8X/s480/146.webp,
https://blogger.googleusercontent.com/img/b/R29vZ2xl/AVvXsEjfIAsv5S0DX06PwAvCMGrXP7h99xR5roFAjBAqyoA2dXLfiVBqVrzAfsxcQbU4_NaMnzbNXAGivZbvdIa92-xMq-tDZ1imSpHCwkV-UebqqwiK9hYC2XhYsCuYxaOj_6caW7Q6gErpVNeRrFxJlD2BndXYtwTXLcaH5JYAqTyo2tptDyzYHp01KQnC/s385/211.webp,
https://blogger.googleusercontent.com/img/b/R29vZ2xl/AVvXsEjfRAYyOkACMgskLLQrBbfXpzuCAJcUW0_rTh0IrEOPFVAopi_tXDCmu0S5Uh__mVh9G1AtV_nRMSMPzCRHO25g-CT5F-q4F_fSHpOImIwVKHJjsI34WS6VxX3VSvhuQ0V_spnN9HmVDGrwntMtYHo5S4Im9f59KSQE-htYjyVCFdPjgGTSmPgXTn59/s540/143.webp,
https://blogger.googleusercontent.com/img/b/R29vZ2xl/AVvXsEjh87HD6t2vnOX4CHMRa1KxjvozI668pVFT2NDjrPiNmhMsAzp1q5YJS_4pohOqJslie3K1128BRh3DrnKnYolyzDSPDt8jRFmytN1-GjP3DUXHGJjbWADGkSYLLgCe4SAffkls2SJYeW68pxE58s09vOObPU-aP-oMxvdWflcWd6Et2cuPHoO-5OG5/s758/149.webp,
https://blogger.googleusercontent.com/img/b/R29vZ2xl/AVvXsEjHlAcIFNfhwiS2LI7ioYHzXndj-aRHZT_Awiqqspy1uuTYQhmtC64RaQ62j4GMx4bAM5M616Ty76I95zxHDua9XZOcQi_G_JxL3T0vL1KqcmodkVnSlyUUFYgfFCu-fapTenCdgYrJ-0PMmyjGHesjxJ8a2hXz1QoMJnT3xFJrJlIc9uTfbKjYUBo5/s539/139.webp,
https://blogger.googleusercontent.com/img/b/R29vZ2xl/AVvXsEjhMdLGjOOEGrDmYBeqCRs_KBmpwaCe8M3dfGgbh5cGb-ghwxpnzuo4HiKP0pd1dyEtpIuVN_kWeaIxE0nt6Rj9FUrNYYfbwGw5Wk8_JDpX56N8WPuzYyu5GfA0Q7YqaZts0IBI1nZ7vew_W3HVhxPBEsvpbr5CIf2153hxUiEN9Sb7lAyCr0XoamnU/s432/176.webp,
https://blogger.googleusercontent.com/img/b/R29vZ2xl/AVvXsEjjveboKAlDu-L9IvU3ByMwZJYD4EzeCI7OYVFEJhdQqw-5Buj2ySGo5ikUfDyeB225xC-A0yu3xZDtlyGtPw_StviOChz9ZBRhMZrHQ7dvHvXchx2JzxlNGWFqBmGfTJQMoHbp5DEC_HTf2MGbkc_XWd2IgvCNSY2-F1PVQZTw9JJrzKtuNeGiq3Hx/s300/68.webp,
https://blogger.googleusercontent.com/img/b/R29vZ2xl/AVvXsEjkMPDrRxaIpXyxrx0BhbE4QDkoBgJa42LxwEnTezd4bfxONfC0WoyMKAxeILBJsMreY__1CR6XXAVC0rPbrxh_YqhHOKIsZRsTrooGmD8cJCm82r_QoTCF-99BNFHRZSD4PKBq6heAeCgISFC8VRieO8ata3SRj86BRwibSEmRWupf07vE3-teuWfM/s368/38.webp,
https://blogger.googleusercontent.com/img/b/R29vZ2xl/AVvXsEjLlxWjhmXamArvvkWHh609qa80kIIfCxNN_pUdAuWhr_yQ4UZnqw8TcTRYA83-zEejyzPut-MP03RbcGasmujqVf0oU-ZvW93RF8MJQtrJyMrfrkqOkKGCEjIbuECWkDrJu_LG-GUIXSKqlKy6P2obsDM5kVYWkVu52HREJa6sul6fS_NK5wDZkCNI/s352/204.webp,
https://blogger.googleusercontent.com/img/b/R29vZ2xl/AVvXsEjMIb3EbRib-jiv2t7AKsyAMGm83r9wvzFZcqkYYj70jsA-BwiKmvE6Td9MZH3ONGImMOE5_MG9x7bjaXAOv4oImLVo-z1ISO3rQEYAM8sU5zuJs4SPfdKbOMpZm7F6nWK1gYkt3P64n16rJURNlpc94rloUVYJTcpWJaOMVjxjEGm-Ox6qAxs90Sc8/s650/99.webp,
https://blogger.googleusercontent.com/img/b/R29vZ2xl/AVvXsEjniX_eVUSKWXQY584y_5TnOZMId4Q8HyqaVZ1qKf8XY482-LGX3C-LzmpBhZwaO6nyQCgHTZM4CkAYxDcRi6AXMp61R-uRlOPka4Mv_NPx-y1eBUf_JCU9TqUzzm2yQ2eNQYvRN1mDRaKGRfaRqi8qeQrFMOQcnEsdtWmZBA5DPu1Y3b6nIG5znCZE/s1067/162.webp,
https://blogger.googleusercontent.com/img/b/R29vZ2xl/AVvXsEjnj6aqfXvcoQh5zv9kpdDxMXEwi2XqsWHpFSNF0RsDV_8ZKWG48jiUNuj9ICrVLfI_rdRcV6dukXet6R1l1VzM8q8Eh7pa2w2tLaHYH3DZO1wAGkWcsg4oP9Sn8OQqwTkId_9HVlVrCMMZP62yrrGTReRMK1JCqodOSxuKAsjkIkHMK59OIJoR-6Rj/s793/44.webp,
https://blogger.googleusercontent.com/img/b/R29vZ2xl/AVvXsEjoc4hEd4hktk_wVl4o7fB1nS5ieg-XjXoVI8cfPjCvJ7oCMSEw2YX97PhvoGE7XD_AxduF7-yrGWDskSwuqRvKT97a7AkKukIZKopN2VPWYsx3yIFzHUaMBAU6wmX9rv1x2k8l9TOsRiLTVh9Y8wU9uUoqhaWoK_CoJ5ei3W2K2uSZvtUilyTqE-gn/s537/94.webp,
https://blogger.googleusercontent.com/img/b/R29vZ2xl/AVvXsEjOcJcUz_LsqeTjWiW_IY2acrhasE7HXIxp2Lu1k9snIMsTxqwqNQnKT-JY0XUj_7FkQ_5Tu3fJ77XJQLJcQ2BBQp2dWi0OBrK4W0zKc6VEbINo_4uoFiaVHRoEMukTpZI2Jw88HC4uNk329xiS-VllzPad0g-Zjxz68tCMLdVUBevLgXTAgh_kAj3C/s531/103.webp,
https://blogger.googleusercontent.com/img/b/R29vZ2xl/AVvXsEjomX3ptthnZyx8oc-5fJGnfSmgdtylPltJ96dlNXxMDiD3jJzloOIUO-o4P1jDLRG8SZvFQSxqRAGQmZDUl23zxXJp-kQWYbWs7LtWQMg8AYpnyyKJDbzPxcKZO0EqCnGwJujIv_EK7xBP1UAXRw1Gb0AAaDKMdiX4VDXWv2tm_tECam3Xt5Q1mdko/s569/169.webp,
https://blogger.googleusercontent.com/img/b/R29vZ2xl/AVvXsEjQfJPRCCxNC3S9Rw-_EDwiy9LXZTmmAFSPA5u6qI0H9rzA58APhZjmDanR3xaR9m3QY3BSpNTz51oz2qrvsLfZL_nxrTgD3KFMQX9RM5xXzWU5hAtLo5z92ckoZGnjXipdNpvZ8hwkTnjMsayiyiU9gS4aAXngOboBifqda8csR-aF_sxF2MZlCzzW/s406/130.webp,
https://blogger.googleusercontent.com/img/b/R29vZ2xl/AVvXsEjQTI9LDKJON0zhaCY2wResh_6GiMB2nq8YDQgLCL6CqVX-v3dbHh3VlXULNW9lt9pfVEFwAG-YT4JEP5p0vT8vYHwtKmGWJkn4quzIv09ZXZr-in6dztZ7CxoP6w9pTs7OhsfQcepOo7PKT9xs79SyhHvpZKaxpxfNvnU9sm0iBtgQeEcTpmAWUcKs/s388/88.webp,
https://blogger.googleusercontent.com/img/b/R29vZ2xl/AVvXsEjr2Tj2xo7ExiMEuqSF0yieDfFkswLjcwCURFdiqWls3Z5JijVNmHaPpY7JZyGX35sJtEim_9nGpdEiXos8En-BZV1a_MhgkN4NRmYsDl5qUfOznpO-ScG1B4lUBwMbfOJh7VC7AvX4bfF0Ulzii2M-SX2nTEUGpLACrKfT3GB2BKNisSdkapeisrko/s960/197.webp,
https://blogger.googleusercontent.com/img/b/R29vZ2xl/AVvXsEjR7cDDlVZLtJTHSONUuEep-uLw58CknTXaxAKd-Zc6YNui1yP2M4H3ImlIKnmEH8gCF1wepVK3hh0kq8lE4NKnUNHYBQOhkrm5V4edn2-CusV7p67yrwwtl3uhbcvfti0vn2WYAZ4-S-ocx0Z2cJ3czmg7gzbsbQiUV-L4oQq2am14TG37Nw4ER4Tk/s400/86.webp,
https://blogger.googleusercontent.com/img/b/R29vZ2xl/AVvXsEjrM5-Hkn7krlC-Nu7LueKndRgTt5JsQnR5QvC4djSphe9RHSRtl1cKWp_6h8HExWtYOMfSRjaaHPNVYX75Vw2s1EfJtQKFWPU_BfKikC5XDjEK9POyURRYINBUE_DeaNP2PbvAjRKiEgkTm1lVz48acUYZKx5JNf6Fo7cV50gvsLw2TMsJWxG_z0Ga/s306/17.webp,
https://blogger.googleusercontent.com/img/b/R29vZ2xl/AVvXsEjs1u8yrfqNc9bIBL0oK9a460wvQVMFDYmIhXcUNrHnzE3RQ3D3FEvj4obtMUr_K_NSUrVcFkcO4w90sC9xy7Mhj6fBvI7dd0HP9cuaOTvrSVFbhDFpQsw-Yv8EG8H73c0Hb45TiWif_XFqiELQSZOJGiNhFcS-Jv0JGlorHFQj1UudQ4VG_O09WUW0/s480/133.webp,
https://blogger.googleusercontent.com/img/b/R29vZ2xl/AVvXsEjs2LapsLYohAt16vMKtU1jZjPYXsKor861xkJBmGIDzr1Msl_b7Z2zjE2Hm6igG0li_IOOXJ_yMmwZodg5tQAZq2QXKhPRwFJc-V9v9NxBxHsRjtE2MTVjsbHg0CJSNYgzf9cm3TpqsUT4qO9jlwxO0EA6oqSck2lVsyXDO9p7Q-11WY8BbeQ3gNd3/s246/165.webp,
https://blogger.googleusercontent.com/img/b/R29vZ2xl/AVvXsEjSppeDfCGpA9Flswa9FnaCw9wXyPxQJ_p-ceemuJpROiJiLr12RjzvL9pg5Q02DQPPIXNvvbw26_08Abvoqly6YEaF2CJxzQSyKEBSw9O4QY6zyQulGcR7rVXzOHfe1CTUkgM2X_hmZ_EoRXwANT7CV3WSEBGP0tweQIy7NIWteH8Iy9wHTAvN1-Rn/s500/108.webp,
https://blogger.googleusercontent.com/img/b/R29vZ2xl/AVvXsEjtXFQ8Ck0vx7_GDQryGeoSd9fMb4gX3KT0beecEjeKp9juAQSyb9cx4MsQuPje4Q55Up4wE9B41hxVlc9GvcCDHQcGoFYKK_42rbyBp00SgexmPz3cnNiB47N2ahNVhlznYb47kLdr_4preUOxIU9sfOAke2TdIEB5lRJhMBEHTWOOvltFLlKg9OQM/s391/173.webp,
https://blogger.googleusercontent.com/img/b/R29vZ2xl/AVvXsEjUDnEv7BSvTjpUMgbhFQa7SNgQ-6W9lh35dHQbKUKlACQuU7G9Gn5hBYE4vO8t3pGBh1DJxjL60aYEhHMQqyNn0WjoA7ZUKlGC-_yUS1SSu54WG-AxkPNg2ZpIy4o7X4iIccv9Wb14t62TSQjTHRIau6xaWo-iOoAbhpB_dv35MbcwyYh39GEPRbRP/s426/192.webp,
https://blogger.googleusercontent.com/img/b/R29vZ2xl/AVvXsEjVR35Wx7X8sxdEIArTMSAQTvEy0-s_VbHS2TsavbpLctzdar--xRQnTV1dIVeHPMorfu4-4IoAUbkd5duGjh0fh5gwPcjSkUjvQtXysd9eOl1_OPbVolt2tWyiRMwvG-Ccy-dETYEcasCpraKudJ5BxV_a9lfx91Dpq6jjw-c4iT1KGZE27MKRbd5d/s567/72.webp,
https://blogger.googleusercontent.com/img/b/R29vZ2xl/AVvXsEjvrPw6mbo7RvxOzTvAYp6ds31kto-0W831DET6ChrYawvFoQu7Q16SinpZlu8xE6gbc515QfWsnjozSKo79QsYM_coGMwdNlnKeHYAS7JEXb7rey-FeGDyVYN_rKa7tQW_qQVVaJg2U-C-hUuCLuxtICpwA8bGBU4djJiDy7GGCTyYk3xy49ZHvM8P/s238/10.webp,
https://blogger.googleusercontent.com/img/b/R29vZ2xl/AVvXsEjW3Rk6kYFZoL86zo7nuKsh7IhtqoegnZAV7vDpByu45864wwcMxOTPODdyddR4nJIcXe7tu5fA_nmTsfUG3HV3bk3N3GQwLLIj-F_t9_GnjgLsjddmo6BFB_GOEUri9R0SuqgCK7AW01zy26yDcThOfA38-1gHWHeX0hW92xmkY-fnnDWDLnOG4B_N/s307/31.webp,
https://blogger.googleusercontent.com/img/b/R29vZ2xl/AVvXsEjX02dUsIodXKxkh7klJMNcrTxpz52UDOHk1v_8UF96TqQwsXL4pJugvZLywPUGmVxji2qa5mUgpvasWWdUUg0jXYhSeP-QgCKk5PeZR3O8wFW-TXd9qCR2EQWO5TGO2HtLR-Xe89E1KmJPaudSdaqpgNJ7U3LlFuVjpA1RVP6yWHszzShRfm6yUU5-/s600/58.webp,
https://blogger.googleusercontent.com/img/b/R29vZ2xl/AVvXsEjXmSKoLwqE1r9CbCCy6EeXV_Z-PUHMXgrGgJKBWY9R8i5IHTWi2y0gwQu0_WoGFI9pAciO86m9QLYlkZDBOhdHnZEIQY0dLhtDqElQe2wybHES6mh-opit-_zZGOtlhbkeHYOIvQnOGZopGalqOwdwJ3QoUKBVF8ijEhNlrPKkBD4H1zUDHPRFZzOc/s311/102.webp,
https://blogger.googleusercontent.com/img/b/R29vZ2xl/AVvXsEjxqnK_Nt0yIC03hNGutGtBS7PBhxpcpKGYQZ3s06hO2003TxloV74ugm_GOIpCXvYk9F7KWaZcgiAe_Qt6Lt8eLJfvj4wrM92NRq4wfUPuIJvCowl5GpY-CHfby8RsOOn6HXA_mLYONtgszvCho6clug1KU-VGPNbioHhcZJkwCBz3ASVBMMohMYrZ/s298/30.webp,
https://blogger.googleusercontent.com/img/b/R29vZ2xl/AVvXsEjXz3tx2M2eionZoppim1Yn_SEOp_MDxN2AAnB2bIiPLOoCCCQNKZX3mZ9ApA0WCp9viNDSLzPQf5wrXiy7chF9YDtnnlijML4lS36tbp390GXmyiv_HpejETyoA2WlR_cCMPEDQG0O64FRrBniuBuwSohrzgeiyj1w_gQ0fx0Dz9cKYSC0nfGnzuF5/s704/126.webp,
https://blogger.googleusercontent.com/img/b/R29vZ2xl/AVvXsEjyAPZ6n3XFcOjzqRvAPIrpI3zBVFU_WylF3BDL1XMhHmxb1SJ2u-Q8yDXy7iPrkTbKNWx6vkI_vEpIj-MTSgM-9B9TaX4P7S7hTTf_5A4_BU4sV8Pq2mnMr09rkM519PtOOdbc7CJDuj5l9VjBHMMug4j9BROCi5BW1tltj8hmq4IyX39z1QDeYyOE/s500/182.webp,
